date,beta,r2
2018-04-02,0.6965913307072567,0.6336948747300482
2018-04-03,0.7012181495606682,0.6503378757490998
2018-04-04,0.7244642595535215,0.6635839670479537
2018-04-05,0.7270338844584159,0.6672372721423652
2018-04-06,0.724737140582644,0.680597594857684
2018-04-09,0.7236423426794715,0.6911523127395532
2018-04-10,0.728262069027604,0.6880970354217357
2018-04-11,0.7091944255547721,0.6938061016069053
2018-04-12,0.714724347972336,0.7026958016406073
2018-04-13,0.712871130407768,0.7033098815252696
2018-04-16,0.7156562940998912,0.6978395441840133
2018-04-17,0.7048459981872517,0.6830236058173472
2018-04-18,0.7047430597509243,0.6850888964796977
2018-04-19,0.7107650204579186,0.685501520776407
2018-04-20,0.7113051494826856,0.6883465954665055
2018-04-23,0.7108558974333596,0.6911607329687626
2018-04-24,0.7099822451659282,0.6839872678879855
2018-04-25,0.7187906458390803,0.6960306784765851
2018-04-26,0.7171021688075118,0.6918634655755656
2018-04-27,0.7266722043263589,0.7002821320086039
2018-04-30,0.7292397120148892,0.6822413387548396
2018-05-01,0.7295384725434874,0.6857817400729891
2018-05-02,0.7142181264224793,0.6723418655564
2018-05-03,0.7035795895287551,0.6253026473237098
2018-05-04,0.7184383397627508,0.6282914740728616
2018-05-07,0.7038063254667575,0.6169028653798225
2018-05-08,0.6971619086367677,0.5679158887634337
2018-05-09,0.7128497217281511,0.5601207320117684
2018-05-10,0.7015146816555992,0.5515454947800278
2018-05-11,0.711614276237355,0.5610796018849303
2018-05-14,0.7026220933469994,0.5384648971962825
2018-05-15,0.6813070938998989,0.528090578404639
2018-05-16,0.6803028056694745,0.5299555478918394
2018-05-17,0.6791600169525366,0.5283040910083221
2018-05-18,0.685686439011425,0.5369215750180942
2018-05-21,0.6883178477504092,0.5347324833024212
2018-05-22,0.7385709352079335,0.5902666142067176
2018-05-23,0.7311261597126428,0.5798358959496799
2018-05-24,0.7151059815441002,0.5628579257590368
2018-05-25,0.7155989487316338,0.546863965496245
2018-05-29,0.7290507502881458,0.536856966869226
2018-05-30,0.7418350268803922,0.5456414439545578
2018-05-31,0.7661413025701052,0.563147763668646
2018-06-01,0.7640251070118604,0.5652576478747959
2018-06-04,0.7438826758766479,0.5417477298293392
2018-06-05,0.7276863778592149,0.4781399748229961
2018-06-06,0.7402198245679272,0.46053896054240173
2018-06-07,0.7319565719690623,0.4576575351684864
2018-06-08,0.7358072352537034,0.4539433257347283
2018-06-11,0.7446019338478138,0.45939160587186456
2018-06-12,0.7440130215427361,0.4565992408135615
2018-06-13,0.7449755413517412,0.46064662870472073
2018-06-14,0.7825017963194515,0.4948930146143985
2018-06-15,0.7796875887002446,0.4971547847799134
2018-06-18,0.782436791486814,0.5011597229500204
2018-06-19,0.801516004064007,0.4829213775668988
2018-06-20,0.8266155452983206,0.475260897368328
2018-06-21,0.7345084596203464,0.39482244359296703
2018-06-22,0.7291772003080255,0.3744276056306012
2018-06-25,0.7249230370142918,0.36839907303663233
2018-06-26,0.7141919727740724,0.36442468698913244
2018-06-27,0.7252853767717566,0.33253432008597705
2018-06-28,0.6963091882335979,0.3195401768507973
2018-06-29,0.6801799623459817,0.3050638164695434
2018-07-02,0.6737076154285895,0.2930551797991463
2018-07-03,0.6990058139678716,0.2689811303747397
2018-07-05,0.6632079552608849,0.25266698593247383
2018-07-06,0.6749338405505274,0.2459247058928048
2018-07-09,0.7026005789978487,0.2611585456084716
2018-07-10,0.730141957194334,0.27258500211108916
2018-07-11,0.7167815814359477,0.26536393900107313
2018-07-12,0.7676885003437153,0.29929113750708025
2018-07-13,0.7902522798440156,0.3056627110343535
2018-07-16,0.7894687218339009,0.31105315779474085
2018-07-17,0.8053362362767105,0.31796223248647915
2018-07-18,0.8242652712885824,0.3222187164847159
2018-07-19,0.8226768765150527,0.3234322410464595
2018-07-20,0.8534795489529292,0.3205569229999732
2018-07-23,0.8462483457644894,0.31291877567312787
2018-07-24,0.8187110601411561,0.29241636237295576
2018-07-25,0.8399952965333828,0.3223027903665875
2018-07-26,0.8992510126608992,0.3414983086843518
2018-07-27,0.915246059191255,0.34528601659372515
2018-07-30,0.8849005948426751,0.32328434230999437
2018-07-31,0.8594233886345215,0.3090021548999363
2018-08-01,0.897768380297997,0.3165204919919494
2018-08-02,0.8954423164611623,0.31633741274209004
2018-08-03,0.872615153233637,0.3110146220621731
2018-08-06,0.8456922830699926,0.28767632698341283
2018-08-07,0.7782867457362292,0.25698345976967696
2018-08-08,0.7866270230056427,0.2653593179947943
2018-08-09,0.7861763501844763,0.2679930987966368
2018-08-10,0.8064800632854137,0.2731227422877218
2018-08-13,0.8520614577651682,0.29254006388497056
2018-08-14,0.863879071782853,0.2990039333389949
2018-08-15,0.7980013285030265,0.24874936179782858
2018-08-16,0.7925657690276762,0.2508021343675435
2018-08-17,0.8431610235519136,0.27949302280780186
2018-08-20,0.8556455524866411,0.2842898732380279
2018-08-21,0.8548605829801836,0.27340633746959087
2018-08-22,0.8497798105510272,0.26688491683753
2018-08-23,0.8238460912050727,0.23893583222678216
2018-08-24,0.7729184321733158,0.20070421911498237
2018-08-27,0.8116335508578725,0.212257173645508
2018-08-28,0.8994828134018573,0.250113658538034
2018-08-29,0.9654618296202984,0.3164733948996735
2018-08-30,0.970031071979268,0.3357058275847037
2018-08-31,1.039989732261767,0.3607461352796516
2018-09-04,1.0294105930479205,0.3534550006742778
2018-09-05,1.040342124313241,0.3508918049962949
2018-09-06,1.0458122871806217,0.3579173108153113
2018-09-07,1.033475801890832,0.35266245838791965
2018-09-10,1.0504382016463265,0.36057460028828825
2018-09-11,1.054332915332753,0.36266646339972275
2018-09-12,1.0573106058221502,0.36421346186288894
2018-09-13,1.052962442691089,0.3601862447146099
2018-09-14,1.0188382359172146,0.3376368634216459
2018-09-17,1.019178397375929,0.3377215108071201
2018-09-18,0.985369301666141,0.3145874085113618
2018-09-19,1.0052281927816051,0.32585618819783657
2018-09-20,1.1225324246963413,0.34620765508725904
2018-09-21,1.1462245635710813,0.3708854808286448
2018-09-24,1.0767701851630607,0.32796723870999467
2018-09-25,1.1105061350166037,0.34272667110389265
2018-09-26,1.1130631300678184,0.3493728936800874
2018-09-27,1.0970766744540805,0.34407711515601513
2018-09-28,1.1329961478196597,0.36292412961509934
2018-10-01,1.1641212605551847,0.36871235678918013
2018-10-02,1.1401745257843854,0.3479540550750041
2018-10-03,1.0872316776719884,0.3077269490482032
2018-10-04,1.1031830523546973,0.31390410355549503
2018-10-05,1.1138735132607578,0.319274970854434
2018-10-08,1.076725394897129,0.29990495696223185
2018-10-09,1.072361012655882,0.29289978336070854
2018-10-10,1.0611849412152456,0.28811485492056266
2018-10-11,0.9983389558587444,0.41916376666711275
2018-10-12,0.9005914773821029,0.41170678435742636
2018-10-15,0.9417006351689785,0.4491297361730815
2018-10-16,0.9389515405816907,0.4546754047080894
2018-10-17,0.9474696562768394,0.49847684320737295
2018-10-18,0.9340298499406771,0.49572019243853493
2018-10-19,0.8908758021344902,0.4897110942956808
2018-10-22,0.88467232558881,0.4922691297528804
2018-10-23,0.8950136690185111,0.5007185994885898
2018-10-24,0.9267945712728911,0.5078149936220955
2018-10-25,0.8856559770204991,0.5426139506338981
2018-10-26,0.8867465962444123,0.5633360069107982
2018-10-29,0.8636175424885465,0.5616826098446019
2018-10-30,0.8873691108967592,0.5601963824224672
2018-10-31,0.8982694340788867,0.57991232744002
2018-11-01,0.9065737333939514,0.5902425856965166
2018-11-02,0.9478007582582538,0.5899850161121565
2018-11-05,0.9416181321357575,0.5853471429077846
2018-11-06,0.9377431375340486,0.5888152206597335
2018-11-07,0.939330482729894,0.5931345735016198
2018-11-08,0.9932662819662125,0.6736885161606934
2018-11-09,0.9837096697081524,0.6708243025924706
2018-11-12,0.9793116548129741,0.670754719280789
2018-11-13,0.9344695567091417,0.6467499841506177
2018-11-14,0.9289298009831892,0.6540132570689297
2018-11-15,0.9214827289368634,0.6551951319184199
2018-11-16,0.9158083058012062,0.6566641627155723
2018-11-19,0.9165723810734419,0.6686923474940213
2018-11-20,0.9020993081930612,0.6684493228085411
2018-11-21,0.9011435204206383,0.6756206293791918
2018-11-23,0.9136219093144919,0.6675777057599122
2018-11-26,0.9110357777041251,0.6644793686832329
2018-11-27,0.8837377728505833,0.6674166858464456
2018-11-28,0.8910585990891854,0.6620485211474035
2018-11-29,0.8845586636652321,0.6939523485721751
2018-11-30,0.883839788969667,0.6949222184943104
2018-12-03,0.8769269922407078,0.6876162041659366
2018-12-04,0.8724435169873181,0.6929419845638229
2018-12-06,0.8223562023349924,0.6818366983853158
2018-12-07,0.8230667473881084,0.6799144306261812
2018-12-10,0.8376092277924365,0.6965762115077477
2018-12-11,0.8468993010165948,0.7117557642546126
2018-12-12,0.8473174887620586,0.7130795837378161
2018-12-13,0.8555460058306694,0.7138287974777945
2018-12-14,0.8499185299174872,0.6977634297095461
2018-12-17,0.8220132414185055,0.6735221369984454
2018-12-18,0.837545933265681,0.6806535843807683
2018-12-19,0.8364623282980136,0.6781780124363755
2018-12-20,0.8367686965414334,0.6861520269276291
2018-12-21,0.8359694517321723,0.691764610835466
2018-12-24,0.8471582563694886,0.7013454370394305
2018-12-26,0.8100673045803569,0.6732983863538358
2018-12-27,0.7638041550841261,0.6898025408162884
2018-12-28,0.7574940716754723,0.6809532581010604
2018-12-31,0.7566223810114038,0.6832342403272028
2019-01-02,0.7545170678139081,0.6852347454108969
2019-01-03,0.7519457949943548,0.6876119626807085
2019-01-04,0.7387403200057078,0.6846364091555202
2019-01-07,0.7463032658372313,0.7083960251065398
2019-01-08,0.7466492426422935,0.7098763763229021
2019-01-09,0.7302517029755511,0.6937818181858291
2019-01-10,0.7344770467890887,0.6899236610634101
2019-01-11,0.7302117910812853,0.6839158531184653
2019-01-14,0.7300161224449023,0.6829264132665092
2019-01-15,0.726502661650575,0.6732196245439075
2019-01-16,0.7124168463206526,0.6528620746973686
2019-01-17,0.7102417758695246,0.6489018057551786
2019-01-18,0.7147424344571623,0.6498852601296901
2019-01-22,0.7031880755491364,0.6367591057369022
2019-01-23,0.701690791102959,0.6555473161198782
2019-01-24,0.6945202642840949,0.6310429122135341
2019-01-25,0.6951815830578874,0.6023027007051597
2019-01-28,0.6977285417208225,0.5997504409594446
2019-01-29,0.6903351879803272,0.6191081803420484
2019-01-30,0.6881819082470504,0.6082499672519384
2019-01-31,0.6782189620521151,0.6009509039952196
2019-02-01,0.6693315025350958,0.609697823154918
2019-02-04,0.6699987728664322,0.6094891640338783
2019-02-05,0.6617507687572475,0.6043821119555293
2019-02-06,0.6603899018439059,0.6038048536939693
2019-02-07,0.6399057498698612,0.5857241040403388
2019-02-08,0.6437972703977105,0.5915094433527042
2019-02-11,0.639463433527132,0.5865074438620593
2019-02-12,0.6508924720033378,0.5884160145520788
2019-02-13,0.6490063699624141,0.5901065978488933
2019-02-14,0.6485540467474133,0.588348995940511
2019-02-15,0.647967041922421,0.5803709032088672
2019-02-19,0.6355422075746368,0.5626900709351527
2019-02-20,0.6342092136457238,0.5538350453427848
2019-02-21,0.6223250189445901,0.534283934210604
2019-02-22,0.6161728878570274,0.5418197755702562
2019-02-25,0.6189934501600702,0.5424636946802001
2019-02-26,0.6255543799221287,0.5438732048594943
2019-02-27,0.6222264726877139,0.5540442560420211
2019-02-28,0.6130764480629063,0.5316627930964661
2019-03-01,0.6136390168616747,0.5299721588768016
2019-03-04,0.6135463014126086,0.5299294632947105
2019-03-05,0.6101145223372825,0.5229665112491928
2019-03-06,0.6293969966464952,0.5086827743333426
2019-03-07,0.6362397892468348,0.5085216515239033
2019-03-08,0.6190064119209632,0.48003918479841967
2019-03-11,0.6194763968906514,0.4806392348257149
2019-03-12,0.6391053642606124,0.49074626808310595
2019-03-13,0.6357659817086055,0.49370879813420987
2019-03-14,0.6352582007868687,0.50702173949488
2019-03-15,0.664167094579982,0.5255243103960849
2019-03-18,0.6286881544343466,0.4953212699732936
2019-03-19,0.6278480113835454,0.49432349826142596
2019-03-20,0.6201986566096724,0.47662916971515
2019-03-21,0.6088437137285303,0.4532071091079013
2019-03-22,0.5441610467325885,0.36376471313980796
2019-03-25,0.6291775861869423,0.4221373323662482
2019-03-26,0.6608658422606155,0.34833777262611676
2019-03-27,0.6766006671375716,0.36736018876628784
2019-03-28,0.6902575449798906,0.3759762840870102
2019-03-29,0.6993920557536764,0.3757438983778837
2019-04-01,0.6991150579850101,0.3782089443797876
2019-04-02,0.7515763324821377,0.38001653797127777
2019-04-03,0.7029953670547348,0.2868857478712429
2019-04-04,0.6995996247915846,0.2825607833250835
2019-04-05,0.6895519583985106,0.272124293116603
2019-04-08,0.6939314756585396,0.27218156707738317
2019-04-09,0.6902024278055344,0.27330337524277426
2019-04-10,0.7036706949128407,0.2847893581401896
2019-04-11,0.7056350010141921,0.27677814754214924
2019-04-12,0.7693405558691875,0.3126088128946848
2019-04-15,0.7538784592841616,0.3020231312885686
2019-04-16,0.7287468056862125,0.2871402134203932
2019-04-17,0.7854975163413822,0.3160358841376628
2019-04-18,0.7567247100261002,0.2791871481630004
2019-04-22,0.7541600165886089,0.28220834936500405
2019-04-23,0.765684856300343,0.32035125294709255
2019-04-24,0.7719980992391562,0.32446924197876825
2019-04-25,0.7790355509789471,0.32016106010377565
2019-04-26,0.8003536767794579,0.34202669406244435
2019-04-29,0.8421974847325693,0.3474885421122357
2019-04-30,0.8009725765598716,0.32945441777581874
2019-05-01,0.7994936536106481,0.32750439302097134
2019-05-02,0.8093198812597384,0.34215048015224336
2019-05-03,0.8087606887559002,0.3426127086200461
2019-05-06,0.8312240425318831,0.3610238009633384
2019-05-07,0.8516325898565188,0.3483938621659428
2019-05-08,0.6884058965673916,0.2659452455441653
2019-05-09,0.6940585316947209,0.27292551508084106
2019-05-10,0.7095119292103798,0.26791628826761926
2019-05-13,0.7193628685676848,0.2734377710389507
2019-05-14,0.8233625213375401,0.3974864342067148
2019-05-15,0.8840320529679692,0.44373163954959594
2019-05-16,0.875286840454394,0.44324379072794695
2019-05-17,0.8785142964198849,0.45598420628643643
2019-05-20,0.909867445506324,0.4797449491563701
2019-05-21,0.8946744993677409,0.473352476077911
2019-05-22,0.9087174440463353,0.485531004234631
2019-05-23,0.8993314405641903,0.47459677036180115
2019-05-24,0.9296128767004781,0.5025525385441967
2019-05-28,0.92847928268586,0.5028780130562189
2019-05-29,0.8753717419114659,0.43991088441962223
2019-05-30,0.8861528165989783,0.4497175402916993
2019-05-31,0.8938771019684271,0.45738923073829263
2019-06-03,0.8522738527721307,0.4474220321563932
2019-06-04,0.8182961799418137,0.4055612512082084
2019-06-05,0.7798243934821341,0.4095940860221773
2019-06-06,0.7168234938189189,0.3645885524773076
2019-06-07,0.7003819440052672,0.35375360428242075
2019-06-10,0.7208703264230147,0.3641963055679637
2019-06-11,0.71510090396004,0.36225517322012724
2019-06-12,0.7194000510653256,0.36425613768672016
2019-06-13,0.7163772129182682,0.36347130445731557
2019-06-14,0.723121933618712,0.3676847875763184
2019-06-17,0.7341994192114163,0.3756061281372364
2019-06-18,0.7972187754425468,0.43979346584239565
2019-06-19,0.7929374445806998,0.41221815581420695
2019-06-20,0.7918901037515371,0.4120263731628304
2019-06-21,0.8058489568650137,0.4202786124472093
2019-06-24,0.7970455547527558,0.4146174429418491
2019-06-25,0.7896508714799502,0.4156673371378994
2019-06-26,0.8036438208718448,0.42933988363973674
2019-06-27,0.8070603927030037,0.42197638977504714
2019-06-28,0.8115195786484414,0.4241766572948349
2019-07-01,0.8086530612906498,0.4236823414906694
2019-07-02,0.8036328241529509,0.42770351883512214
2019-07-03,0.7942673192875187,0.42545873791657596
2019-07-05,0.7990567013862255,0.4324467586026498
2019-07-08,0.7926229166134167,0.42746686207148277
2019-07-09,0.7810977625546935,0.4280432569244611
2019-07-10,0.7780739224871867,0.4358913704103242
2019-07-11,0.7884080929239126,0.4459330257571995
2019-07-12,0.7884176671855859,0.4481269176225904
2019-07-15,0.7783750944096786,0.4359134759990074
2019-07-16,0.7845488999059311,0.44143871435563453
2019-07-17,0.785339757899415,0.44528864766937226
2019-07-18,0.7675805978615029,0.43175236510257453
2019-07-19,0.767336357263346,0.426555998309616
2019-07-22,0.7647365305421154,0.42848534369889935
2019-07-23,0.763403885595215,0.42967731223607664
2019-07-24,0.7397558175855531,0.40027897621920705
2019-07-25,0.7374341217933265,0.3997510494326928
2019-07-26,0.7416142275936035,0.40437728631965353
2019-07-29,0.7372348766330641,0.3985187770577162
2019-07-30,0.7328089866702137,0.39668066955186954
2019-07-31,0.7225922330710266,0.38062660907060175
2019-08-01,0.6510313646387462,0.33412023264400714
2019-08-02,0.7165471416371045,0.3819521069674122
2019-08-05,0.69919654716811,0.3725592372025348
2019-08-06,0.8119910885813877,0.4908861979756092
2019-08-07,0.8125328426342293,0.50158685004013
2019-08-08,0.7563632284735231,0.38911352093028695
2019-08-09,0.7609023074859251,0.4096221267322395
2019-08-12,0.7670944151373156,0.4161546535446632
2019-08-13,0.7687884378419081,0.4217798519511162
2019-08-14,0.7427836171836213,0.42158696069101276
2019-08-15,0.7726015295665046,0.4845609067416474
2019-08-16,0.7595756144882334,0.46839725800458065
2019-08-19,0.7711486091210384,0.4888468818324009
2019-08-20,0.7485108742245022,0.48152558392952105
2019-08-21,0.7411005566638413,0.47845455685044014
2019-08-22,0.7881187693593363,0.5355081795503405
2019-08-23,0.7853038845940987,0.5206562136308066
2019-08-26,0.8036814627950362,0.5638098818486386
2019-08-27,0.8329358907989286,0.5722468920090995
2019-08-28,0.8466519225979487,0.6036652467617923
2019-08-29,0.8664543820914152,0.6000180769758079
2019-08-30,0.8697127225336514,0.6117617828491038
2019-09-03,0.8789865157176769,0.6206075670376765
2019-09-04,0.8528031737882072,0.5994413295750274
2019-09-05,0.8643621973492235,0.6108149737291344
2019-09-06,0.8396504139900103,0.5923395201592141
2019-09-09,0.8373536569340378,0.5837680012386619
2019-09-10,0.8333646369319033,0.5835401214422453
2019-09-11,0.8322139537921942,0.5833869612743405
2019-09-12,0.8400459653522454,0.5881269209225524
2019-09-13,0.8222093140874407,0.5744121720911736
2019-09-16,0.8215866757601298,0.5736741692241576
2019-09-17,0.80718165005818,0.5601937662800368
2019-09-18,0.809370634645552,0.5566520427066124
2019-09-19,0.8094541362679321,0.5565086804241763
2019-09-20,0.8018580581165152,0.526772128405171
2019-09-23,0.8004319947257931,0.5269710732403085
2019-09-24,0.7982923931105981,0.525747089144235
2019-09-25,0.8061708659684905,0.531618027687315
2019-09-26,0.7958200702724086,0.5143586436979719
2019-09-27,0.7988536741542294,0.5116716164253114
2019-09-30,0.812488875904911,0.49660494721409754
2019-10-01,0.8148680300864884,0.4986031824422368
2019-10-02,0.8056191187021919,0.4963468441865395
2019-10-03,0.8132159411158917,0.5139163366104771
2019-10-04,0.8221699662947496,0.5207508462120578
2019-10-07,0.8494550732465137,0.5372394783602785
2019-10-08,0.8578989412509674,0.546853998130298
2019-10-09,0.8476784186117421,0.5495998612283073
2019-10-10,0.8459332840186027,0.5520506498331438
2019-10-11,0.8490722732433418,0.5574607809523864
2019-10-14,0.8400444097236883,0.5549537107649929
2019-10-15,0.8411098665530752,0.5539014821842329
2019-10-16,0.8123903696352657,0.5165678089842268
2019-10-17,0.8274000358935576,0.5341778260233889
2019-10-18,0.8307017220978941,0.5350328791830317
2019-10-21,0.8240983642635762,0.5272408505506543
2019-10-22,0.8342348889631603,0.5323955050305709
2019-10-23,0.8407712551482699,0.5277054963453494
2019-10-24,0.8347972807982866,0.5278523045889953
2019-10-25,0.8661784160043422,0.5630418783846014
2019-10-28,0.873970037675149,0.5644313896987405
2019-10-29,0.885250796043131,0.5743174808866252
2019-10-30,0.8302013048949168,0.5075511983714678
2019-10-31,0.8171407372352183,0.4666047692438272
2019-11-01,0.8169405043808895,0.5115473047946146
2019-11-04,0.7990820541255799,0.48746318199308103
2019-11-05,0.7973637327543126,0.4798010640660946
2019-11-06,0.8045347962557199,0.4758230416918561
2019-11-07,0.8086445762843453,0.46575274966002034
2019-11-08,0.8041025366947654,0.4031820404382416
2019-11-11,0.8071630685530078,0.40728773139778685
2019-11-12,0.778003144091269,0.3681568166809668
2019-11-13,0.7625249736585656,0.3466304780918129
2019-11-14,0.782114867133196,0.3561759036537385
2019-11-15,0.7617222044551721,0.3417988328831071
2019-11-18,0.7602562362394243,0.3490928341402323
2019-11-19,0.7278408684084677,0.27106788828013195
2019-11-20,0.6737413029596959,0.24349784268739338
2019-11-21,0.6781990617314303,0.24467471853580947
2019-11-22,0.6791215600868217,0.24268744143681087
2019-11-25,0.6836474418774258,0.23446497699199598
2019-11-26,0.7253530007410822,0.24863082006750237
2019-11-27,0.765369367844929,0.27219553274951924
2019-11-29,0.7476105207810572,0.25151344070401593
2019-12-02,0.7822777554278226,0.2600475942870074
2019-12-03,0.7477569270503164,0.2526935622239195
2019-12-04,0.7024102552250556,0.22689167336199
2019-12-05,0.7052173033739593,0.232186192939429
2019-12-06,0.6761041160070194,0.21735477391760127
2019-12-09,0.6961699699407602,0.23439616192523638
2019-12-10,0.7014797501062893,0.23838565538923717
2019-12-11,0.7210555969113057,0.24916355932471757
2019-12-12,0.725498973108769,0.2475268066192362
2019-12-13,0.7302049660694216,0.2549272308504993
2019-12-16,0.7374264378586317,0.2752961075274095
2019-12-17,0.787051271083732,0.2872005468559802
2019-12-18,0.7833517629940405,0.28437414077131884
2019-12-19,0.7707204128684499,0.27089468903868397
2019-12-20,0.7900195737238714,0.2849716060010191
2019-12-23,0.7801728088178761,0.2827383544026544
2019-12-24,0.7223588370262256,0.26615391416368406
2019-12-26,0.7166629270930781,0.26249734048103346
2019-12-27,0.7525316540723499,0.26637318162159873
2019-12-30,0.7116118855930451,0.20637510853044272
2019-12-31,0.6978206864942066,0.20293127166464497
2020-01-02,0.5867627296380333,0.1492127030224093
2020-01-03,0.6234074922505062,0.1636496992980192
2020-01-06,0.6455811034097434,0.1511338272059899
2020-01-07,0.6305612863825981,0.1385673533255215
2020-01-08,0.6499901482238789,0.14608692298620374
2020-01-09,0.6852803491831181,0.15186798359582965
2020-01-10,0.6624957988417228,0.14541191732119474
2020-01-13,0.7888841012731702,0.20709997398602098
2020-01-14,0.8208990292761503,0.2190367556043047
2020-01-15,0.7915130156797515,0.20401699926628225
2020-01-16,0.8329437806331588,0.2189034836318383
2020-01-17,0.8105876631265014,0.21459357877659568
2020-01-21,0.7601408116493609,0.19623857615947815
2020-01-22,0.7816806696304207,0.20833616401673294
2020-01-23,0.7880117814561509,0.21031003565920015
2020-01-24,0.8119009998846086,0.2277009497908583
2020-01-27,0.7524307673308877,0.21300012139647162
2020-01-28,0.9003310077478057,0.31840654899634924
2020-01-29,0.9802439984854445,0.4097071389208078
2020-01-30,0.9775025394542955,0.4046964937638211
2020-01-31,0.9931723495321592,0.38335851204629245
2020-02-03,0.997350355376504,0.452312648653161
2020-02-04,1.0106348493062782,0.4622078749521813
2020-02-05,1.1203107925551514,0.517715909790086
2020-02-06,1.1178512085645003,0.533944828251335
2020-02-07,1.1159570081116346,0.5328198471756791
2020-02-10,1.1522420983125414,0.5604244563146406
2020-02-11,1.137291158223526,0.569714992243505
2020-02-12,1.1387158484914135,0.523010823570148
2020-02-13,1.1659630899007603,0.5254826358275542
2020-02-14,1.185626319897733,0.5297471416315018
2020-02-18,1.1821113974990365,0.5361360653560969
2020-02-19,1.174055072277675,0.5322679485482946
2020-02-20,1.225392350756581,0.411553233355891
2020-02-21,1.2041500855219947,0.4015536239214915
2020-02-24,1.2068510496784584,0.41927861206563266
2020-02-25,1.1826731431402755,0.5089233379371377
2020-02-26,1.1461094846561053,0.5521195174902569
2020-02-27,1.1519607908409828,0.5469535881019238
2020-02-28,1.0796868483099564,0.6041250274973715
2020-03-02,1.0861460656182573,0.6068791629541824
2020-03-03,0.896778477782757,0.525790545810487
2020-03-04,0.7986593652167924,0.45623078366746594
2020-03-05,0.8070905193427259,0.506665896535287
2020-03-06,0.7696902694358518,0.4999806805407704
2020-03-09,0.7966348079413577,0.5080841732671975
2020-03-10,1.046613153212565,0.6797650146098073
2020-03-11,0.9647032858913966,0.6554960142164995
2020-03-12,1.000928369250997,0.6884030477540537
2020-03-13,1.112876384527383,0.777935300990234
2020-03-16,1.0226934309987872,0.7656087831868136
2020-03-17,1.0392046894882863,0.8154962736924719
2020-03-18,1.0603104412280664,0.8257190607722575
2020-03-19,1.104523166287628,0.8159789955031562
2020-03-20,1.1071066132318221,0.8126208656440392
2020-03-23,1.076010792921728,0.7881494695435876
2020-03-24,1.0810017698460528,0.7886706749527808
2020-03-25,1.0991594911683564,0.8134817260846378
2020-03-26,1.1081098478538969,0.8095175806082057
2020-03-27,1.0845413424523185,0.8051869838466797
2020-03-30,1.095664054327319,0.8029922029550954
2020-03-31,1.0818161726142843,0.7962003165870295
2020-04-01,1.079823399940215,0.7944973106404707
2020-04-02,1.0745437821062893,0.7961245642330064
2020-04-03,1.0687825468692016,0.7940369980362951
2020-04-06,1.0674438270978963,0.7932824353447299
2020-04-07,1.0643609752440009,0.80194188897344
2020-04-08,1.065285779692639,0.8002239986792067
2020-04-09,1.0613077701015778,0.8013998734222781
2020-04-13,1.0619982517460964,0.8027423591679006
2020-04-14,1.0619188078242185,0.8027358045155866
2020-04-15,1.0563862446504817,0.8012635659036775
2020-04-16,1.058030649929743,0.8021544201905086
2020-04-17,1.0574409755053464,0.8018142241168735
2020-04-20,1.057220935146785,0.8033930839728853
2020-04-21,1.0561453265105745,0.8032812449953423
2020-04-22,1.0576865751965325,0.8058338859414942
2020-04-23,1.0572322882055565,0.8067068569467365
2020-04-24,1.056021871197034,0.80646962251944
2020-04-27,1.0510665400097066,0.8012937560600966
2020-04-28,1.0532409725351348,0.8032289092205259
2020-04-29,1.0532606569222485,0.7986137402689854
2020-04-30,1.0569752520791817,0.7999895136190198
2020-05-01,1.05497033707716,0.7991436748992871
2020-05-04,1.05646598740457,0.8001322160843557
2020-05-05,1.056666935944523,0.8000954316782206
2020-05-06,1.0565847714419214,0.8004429674909918
2020-05-07,1.05618352813736,0.7981617973229698
2020-05-08,1.0548411396709079,0.8019290164130903
2020-05-11,1.0565459238696662,0.8030300231276939
2020-05-12,1.0567323694038004,0.8030155789270156
2020-05-13,1.0540859200883874,0.8015647667489435
2020-05-14,1.0556289395952392,0.8022108673082294
2020-05-15,1.0506012919462777,0.8180043916896755
2020-05-18,1.0500215836802835,0.8184636925180023
2020-05-19,1.0594226462001834,0.8185806940273137
2020-05-20,1.059043000571908,0.8164631524055238
2020-05-21,1.0612577601704953,0.816432920236414
2020-05-22,1.0607959141105874,0.8167790940489263
2020-05-26,1.0663942125752044,0.8145430949179729
2020-05-27,1.0702071985842712,0.8119321908555651
2020-05-28,1.0861556414929632,0.8212245189644222
2020-05-29,1.100539570891061,0.8343908005961839
2020-06-01,1.1044728206662398,0.8312072865275517
2020-06-02,1.1170562322208144,0.8364207820566051
2020-06-03,1.1148129129908844,0.836283146047079
2020-06-04,1.082972088525528,0.8220985118892414
2020-06-05,1.1040708548198894,0.8308751725060036
2020-06-08,1.0948875945086476,0.8238566285049856
2020-06-09,1.049248210513083,0.7896395325235448
2020-06-10,1.1041311658125859,0.8013141247559733
2020-06-11,1.1075969137328032,0.7472603108597109
2020-06-12,1.0938338580776,0.753677151767224
2020-06-15,1.01739387387751,0.7498008314462641
2020-06-16,1.019576134310698,0.7553469441344032
2020-06-17,1.0768896484840143,0.7927493240639296
2020-06-18,1.0677613968212762,0.7849579119390674
2020-06-19,1.0214932032517052,0.73289407871589
2020-06-22,1.0060180832125936,0.7474291204161354
2020-06-23,1.0526273388171705,0.7539446697309267
2020-06-24,1.008021847358746,0.7509152988629714
2020-06-25,1.0288575048906003,0.7722157328318323
2020-06-26,1.0335508227590606,0.7710616674209468
2020-06-29,1.0565014204692087,0.7668991520759167
2020-06-30,1.080208382933735,0.7739945955535917
2020-07-01,1.083703372297272,0.7735436480498075
2020-07-02,1.1083319693170686,0.7458002767044531
2020-07-06,1.1111486688708372,0.7531624962926415
2020-07-07,1.1444033661401969,0.7480894720729442
2020-07-08,1.138264104013358,0.7449447837397353
2020-07-09,1.1463480591348398,0.7339315443209415
2020-07-10,1.1839895829003741,0.7466013959676788
2020-07-13,1.161043012685801,0.7289429174965651
2020-07-14,1.1655121950711798,0.7339744949821569
2020-07-15,1.1843039657521985,0.7319504690724392
2020-07-16,1.1960990062615073,0.729793525469165
2020-07-17,1.1968793501919315,0.7131748591082456
2020-07-20,1.2032905370598932,0.7069573819343979
2020-07-21,1.2061094640697805,0.7074439674150412
2020-07-22,1.23419211929398,0.7419763048369146
2020-07-23,1.2330757158563335,0.7395212855308841
2020-07-24,1.2289293207712486,0.7493766364012391
2020-07-27,1.2259864356246855,0.7365409691519131
2020-07-28,1.2125033621450672,0.739553003734837
2020-07-29,1.2140926258382951,0.7149328910254517
2020-07-30,1.203673775096388,0.7088469058131763
2020-07-31,1.202985953550133,0.7076435989582275
2020-08-03,1.206456199626801,0.7049098742730863
2020-08-04,1.2166844676152238,0.7028215248832657
2020-08-05,1.2080740111683888,0.6834787959701256
2020-08-06,1.2137891446648685,0.67941796656334
2020-08-07,1.2398092971266443,0.6828497916891683
2020-08-10,1.2194655330091606,0.6656197619938148
2020-08-11,1.228462550511694,0.669882760760332
2020-08-12,1.2413151212047318,0.6812319947939725
2020-08-13,1.1951626641855522,0.6574214912003533
2020-08-14,1.1947352095635726,0.6466378631606461
2020-08-17,1.207683006279746,0.6444967015679421
2020-08-18,1.207403682867108,0.6415961437502807
2020-08-19,1.2065760277250366,0.6510430451210324
2020-08-20,1.1824852280797322,0.6505716566791868
2020-08-21,1.1981813899752314,0.6513410412899792
2020-08-24,1.190933245401449,0.6524190207532985
2020-08-25,1.1855374799186977,0.6550923981117063
2020-08-26,1.1857300774494326,0.6506148400724783
2020-08-27,1.1758438965022768,0.6407944537163464
2020-08-28,1.1846759845917758,0.6403160284489324
2020-08-31,1.1901695280709332,0.6379930199869364
2020-09-01,1.2359589756892673,0.6498758762732875
2020-09-02,1.223542228214544,0.6479116245543101
2020-09-03,1.1734653902259518,0.6157068969111593
2020-09-04,1.270622104184557,0.6673443410077697
2020-09-08,1.3104886492274197,0.5713274726748674
2020-09-09,1.1811213409051513,0.5297177797393999
2020-09-10,1.196576605772575,0.5443700760786794
2020-09-11,1.236514021228048,0.5657212923416892
2020-09-14,1.2231592543570609,0.5688587870800601
2020-09-15,1.236876165539222,0.5774271632173142
2020-09-16,1.2461358809868823,0.5776415734582797
2020-09-17,1.242146226728535,0.5748578411459624
2020-09-18,1.2566945326451335,0.5801566017025962
2020-09-21,1.2905272149646398,0.5755022885212584
2020-09-22,1.3103270184886278,0.5947964534639454
2020-09-23,1.2986247896344743,0.5652786028630084
2020-09-24,1.2121004702506326,0.5425640013434839
2020-09-25,1.2258680476163475,0.5416574851463357
2020-09-28,1.2219733572168436,0.5472094789840123
2020-09-29,1.2650989594320836,0.5607330114757563
2020-09-30,1.2077612208430017,0.5187433476599836
2020-10-01,1.2304366757800267,0.5195851279001185
2020-10-02,1.2276636892708024,0.5169732727821739
2020-10-05,1.2068885819807798,0.5122055286448197
2020-10-06,1.2753342025510968,0.5471782225276238
2020-10-07,1.223053077400323,0.5222255769785764
2020-10-08,1.2613579449925523,0.5311205648087296
2020-10-09,1.2368218830061897,0.5144586597772156
2020-10-12,1.230236512187635,0.5150771738031614
2020-10-13,1.1402397577758534,0.4412918710170666
2020-10-14,1.136962409878917,0.44093741127433317
2020-10-15,1.1227555937136124,0.4326476034086495
2020-10-16,1.1280629770212276,0.432257591194372
2020-10-19,1.151118693437207,0.4379775153699269
2020-10-20,1.1233670569279905,0.4375024952870622
2020-10-21,1.1218246345881888,0.43449714752171387
2020-10-22,1.1177592494672934,0.40005767158149896
2020-10-23,1.128391830524601,0.4005486675331882
2020-10-26,1.1296694510586238,0.40044741186459043
2020-10-27,1.1588898148103128,0.43065657097183774
2020-10-28,1.1534977046518597,0.42895796706618206
2020-10-29,1.063388426644506,0.42710607805065137
2020-10-30,1.059520446600201,0.4304768626916802
2020-11-02,1.0680070178364343,0.4368798973403615
2020-11-03,1.069265487187365,0.44271075803360516
2020-11-04,1.0505592747489256,0.44011067173642926
2020-11-05,0.9523277788152862,0.37906611990276073
2020-11-06,1.0379586380188732,0.39315519112494934
2020-11-09,1.041299872777747,0.3974752615339743
2020-11-10,1.0230754155923785,0.39090427644064696
2020-11-11,1.0259835637941892,0.3883662161160433
2020-11-12,1.039307414867252,0.3897600754748235
2020-11-13,1.0467490614464903,0.39509204169406276
2020-11-16,1.033002252783092,0.39257885448896757
2020-11-17,1.0225441278286649,0.38958968553796436
2020-11-18,1.0218964383917832,0.3882354486318702
2020-11-19,1.0251285930134948,0.39622339782630367
2020-11-20,1.0395664148806292,0.4033806134786022
2020-11-23,1.0309462130881062,0.3987219713943069
2020-11-24,1.028847131533629,0.39848639977391065
2020-11-25,1.0176475505409128,0.3977395194451594
2020-11-27,1.0126959620817446,0.39102369199706855
2020-11-30,1.0450608804819304,0.4084505824556198
2020-12-01,0.9218403979144401,0.3380805641892398
2020-12-02,0.8877437581838215,0.3144346490085711
2020-12-03,0.9348501341258902,0.31579552006355016
2020-12-04,0.9113147938732711,0.2969927536088546
2020-12-07,0.8769587131150818,0.27390810646024866
2020-12-08,0.8752401881033411,0.27378121284378276
2020-12-09,0.861479086956361,0.26135186700296775
2020-12-10,0.8851054139547505,0.2702692837006121
2020-12-11,0.886328201754147,0.2690111512194867
2020-12-14,0.8650583256350948,0.25983600494970793
2020-12-15,0.8616001402271332,0.2529676244729604
2020-12-16,0.9003320619946023,0.2595104263266418
2020-12-17,0.910288730459645,0.2624424998140866
2020-12-18,0.9421530605526224,0.2579842255533279
2020-12-21,0.931606690097175,0.25494796154999155
2020-12-22,0.9165943462709998,0.24208308748867402
2020-12-23,0.8470776463754217,0.20535299442595856
2020-12-24,0.8707364229838076,0.21712368015341854
2020-12-28,0.8527088248743213,0.21065820288230597
2020-12-29,0.832381343358335,0.20751866412012865
2020-12-30,0.8446039774838248,0.20783638906782875
2020-12-31,0.7781715086437178,0.17930066723878102
2021-01-04,0.810135492489068,0.18594322728663426
2021-01-05,0.669238943303883,0.1385638099350801
2021-01-06,0.6951034047171927,0.14721053364310177
2021-01-07,0.737911474279643,0.13654392688145078
2021-01-08,0.9425188146096846,0.201788698418216
2021-01-11,0.9228717232566683,0.19112766893546462
2021-01-12,0.98830802610467,0.20554140283203692
2021-01-13,0.9811285724661692,0.2038047886949843
2021-01-14,0.9768044103468636,0.20287910517791907
2021-01-15,0.9921791736595409,0.19939308589686278
2021-01-19,1.0745142160459284,0.20840114915639596
2021-01-20,1.0594100514832367,0.2194413217164889
2021-01-21,1.0186146649087378,0.20754983339304078
2021-01-22,1.0142787408058669,0.19710739969593483
2021-01-25,0.9767210675696945,0.1750997566106801
2021-01-26,0.9574897364439465,0.16623720451213642
2021-01-27,1.0869365434455773,0.1593246367043658
2021-01-28,1.3377195692311783,0.24088828115324112
2021-01-29,1.347472742439782,0.23812335914169702
2021-02-01,1.3992186912940996,0.2690293945589065
2021-02-02,1.4378471028007125,0.2806567353680607
2021-02-03,1.619423558288208,0.34046013653071305
2021-02-04,1.4814027032404673,0.29601127818981043
2021-02-05,1.4080160502812151,0.26998702755345194
2021-02-08,1.4573961073186745,0.2818880718758612
2021-02-09,1.4389049873617261,0.2801190847331947
2021-02-10,1.4221431092649297,0.2754168929965948
2021-02-11,1.4270785428559734,0.26840839812230355
2021-02-12,1.4844329436948223,0.27997545009558245
2021-02-16,1.5043301424812636,0.2735623809361033
2021-02-17,1.524435738382335,0.2755808705441155
2021-02-18,1.5350623183600345,0.26503638226465354
2021-02-19,1.6102955889041777,0.26666713977133905
2021-02-22,1.640443290610781,0.27084011847840817
2021-02-23,1.77546716039208,0.28332012647499905
2021-02-24,1.8403961461905975,0.2852267691207273
2021-02-25,1.8585432653394967,0.2972080716572266
2021-02-26,1.8773396169341572,0.33922742657252714
2021-03-01,1.8507231409223048,0.3293287735758681
2021-03-02,1.8782836360046513,0.36481386172937547
2021-03-03,1.9156996823549948,0.3767095907187151
2021-03-04,2.0365814656844243,0.4022591870031986
2021-03-05,2.0980087021283302,0.4217245179905694
2021-03-08,1.9304831701870522,0.3776606275753436
2021-03-09,1.941524705781367,0.3824983453636891
2021-03-10,2.06649531026431,0.3958511345978597
2021-03-11,2.059579859509541,0.3964410134452262
2021-03-12,2.132161452289627,0.4051717238486663
2021-03-15,2.1591870204692047,0.413562386765978
2021-03-16,2.102030534248903,0.3958017036763709
2021-03-17,2.1104141824122378,0.39584575289175206
2021-03-18,2.0878439275082736,0.38427172171724533
2021-03-19,2.1726527580894803,0.414685726456261
2021-03-22,2.1791973340743707,0.41347828102625794
2021-03-23,2.214471641686463,0.4352859841830876
2021-03-24,2.2096748512364757,0.4401851485213055
2021-03-25,2.2434877626418817,0.4431573150324528
2021-03-26,2.249562960865146,0.443091449906598
2021-03-29,2.222338986329231,0.445656358951091
2021-03-30,2.225637486644566,0.4490530516977552
2021-03-31,2.1937813603247958,0.4195237498746457
2021-04-01,2.3430302043173103,0.4544447210893031
2021-04-05,2.292349999440372,0.4432113806865817
2021-04-06,2.1529875113218946,0.4346883146238725
2021-04-07,2.0593134582873622,0.41558168651558947
2021-04-08,2.068126168893726,0.4139683559370718
2021-04-09,2.0577128307788586,0.40948400330706025
2021-04-12,2.0560873088926277,0.4130999106461418
2021-04-13,2.0566285614669955,0.4125402936785295
2021-04-14,2.068758149965229,0.41111446032195675
2021-04-15,2.007051123558643,0.40070707372065906
2021-04-16,1.9398861854839056,0.38362157723132906
2021-04-19,2.0019586184750136,0.38789753826398676
2021-04-20,2.014219872336803,0.4096815136661165
2021-04-21,2.012155704932818,0.4138972112620827
2021-04-22,2.0305569650394877,0.42149116123598385
2021-04-23,1.938499943739641,0.3853144108796813
2021-04-26,1.896845639563574,0.34971790796756597
2021-04-27,1.8798199321068534,0.344312369978068
2021-04-28,1.9331230709781484,0.33507603911267103
2021-04-29,1.9474676649460858,0.3270390402543173
2021-04-30,1.9515358276713513,0.31919539483327863
2021-05-03,1.9516046352430823,0.32625804118490687
2021-05-04,2.013183421467124,0.3392185586310158
2021-05-05,2.0461939381311485,0.346487155981722
2021-05-06,2.039977845112613,0.3430200351404369
2021-05-07,2.0067745744730083,0.3350118399608847
2021-05-10,2.0213473445093735,0.3391514777656224
2021-05-11,2.0252355081867397,0.3472217793910426
2021-05-12,1.9807715064518134,0.339512701373464
2021-05-13,1.9094300650228515,0.3449007457173988
2021-05-14,1.8830249961834735,0.3440284879642276
2021-05-17,1.889334067710454,0.3613832820382833
2021-05-18,1.9036768437820735,0.37105509818072324
2021-05-19,1.7489992833144195,0.3381476752423279
2021-05-20,1.737321297231397,0.33449357012158976
2021-05-21,1.7451479778339027,0.3357231290489652
2021-05-24,1.7295324874042213,0.3030581800456925
2021-05-25,1.7485224412376685,0.31324169368865884
2021-05-26,1.74068915011761,0.2878632688545987
2021-05-27,1.7115125258454431,0.2771375440902969
2021-05-28,1.5563834054783776,0.24112934660907215
2021-06-01,1.487404432041123,0.21762660232335274
2021-06-02,1.6715010792098521,0.256434040703552
2021-06-03,1.6329129703972671,0.24618709931074045
2021-06-04,1.4142915610143971,0.21355192968347914
2021-06-07,1.4226625323758266,0.21766078434173852
2021-06-08,1.277419752049704,0.19703972391137659
2021-06-09,1.2753450912318582,0.19641978450348652
2021-06-10,1.2903298774682166,0.20002061035047747
2021-06-11,1.278415941310039,0.1998752311008436
2021-06-14,1.3002640407272796,0.21136225893581928
2021-06-15,1.1163410261358064,0.16200703889831303
2021-06-16,1.157903382577013,0.17867592010006217
2021-06-17,1.0880928681070672,0.16205059378445785
2021-06-18,1.056806754624506,0.1507456708353463
2021-06-21,0.9807921392366049,0.15066832973876143
2021-06-22,0.969515887589653,0.15374999154993352
2021-06-23,0.951315878884712,0.1408592252637615
2021-06-24,0.9385233486970069,0.14156923727148174
2021-06-25,1.0066415194583325,0.1845377714569275
2021-06-28,0.9787078469078667,0.18753680263603867
2021-06-29,1.0305203609377958,0.19307288163549785
2021-06-30,1.168290627282427,0.23619589887071413
2021-07-01,1.1696911859113799,0.23336828615371197
2021-07-02,1.1683179102509154,0.24696021970045734
2021-07-06,1.1336966902696988,0.23740375445994633
2021-07-07,1.1373733703269218,0.23560824043777184
2021-07-08,1.1270610527655878,0.23830663915812278
2021-07-09,1.1379473835630076,0.2511706407117158
2021-07-12,1.1123422216785959,0.24646104595893126
2021-07-13,1.2080343908477413,0.2837188470960047
2021-07-14,1.1921124842441235,0.2963108717044337
2021-07-15,1.1506083253170911,0.2726787125155786
2021-07-16,1.1760487071959802,0.2736756733933927
2021-07-19,1.1237738668309667,0.2571556724925188
2021-07-20,1.184896087205073,0.3144803548917986
2021-07-21,1.1366045996236787,0.30379434523874715
2021-07-22,1.1926888393101274,0.3153252266994021
2021-07-23,1.192345637312641,0.3152898873887654
2021-07-26,1.114606704494093,0.2880219536733398
2021-07-27,1.1464102417465059,0.30571550775293177
2021-07-28,1.124910247368711,0.29784235288051575
2021-07-29,1.1192534395271998,0.282903482061718
2021-07-30,1.0322000496983261,0.2728808269933001
2021-08-02,1.0267282801722502,0.27283391766076603
2021-08-03,1.0735506852175836,0.29925099860755144
2021-08-04,1.0773091361311882,0.3013180724258052
2021-08-05,0.9992821782292804,0.2752615805586649
2021-08-06,1.01135787485685,0.273313962928627
2021-08-09,0.889915876682016,0.19662887753538227
2021-08-10,0.9088871964380335,0.19227081788404998
2021-08-11,0.7476617193693862,0.13751269196015736
2021-08-12,0.7280457364150819,0.1305805899910455
2021-08-13,0.8385044040558154,0.16751910013313986
2021-08-16,0.8574776485355529,0.1725576462794911
2021-08-17,0.76809922558506,0.14170504249034954
2021-08-18,0.7911935247993862,0.1527956291221304
2021-08-19,0.718907130046569,0.12951825389113691
2021-08-20,0.7182574675596989,0.12880042057677654
2021-08-23,0.7505936724509352,0.14199099310429675
2021-08-24,0.7757034858204983,0.15305444946169333
2021-08-25,0.7756213192449298,0.1527587839310245
2021-08-26,0.7758674026238097,0.15254230797089807
2021-08-27,0.8013943336392817,0.16933319214460774
2021-08-30,0.7739937106514365,0.16676816128010985
2021-08-31,0.7745232778805946,0.1628147032169709
2021-09-01,0.7803522991361149,0.16585129164901447
2021-09-02,0.7799005841140958,0.16482871466664872
2021-09-03,0.7816360870887147,0.1638644702679909
2021-09-07,0.7862630002131733,0.16357308616821276
2021-09-08,0.7959264608595853,0.16895894081978424
2021-09-09,0.8093168884273563,0.16949942123840778
2021-09-10,0.7900301297698823,0.16573657596567903
2021-09-13,0.8576120900231128,0.19314203316613154
2021-09-14,0.874955055903403,0.19285245381703353
2021-09-15,0.8461742978395106,0.17106346617985813
2021-09-16,0.775557868139829,0.1335164024975014
2021-09-17,0.7656178075155515,0.13024932826646962
2021-09-20,0.6943710494008386,0.11302245593405513
2021-09-21,0.7973759436654873,0.15752738751172302
2021-09-22,0.787791641845581,0.15083923619780304
2021-09-23,0.7990475413682222,0.17030846899422958
2021-09-24,0.8012600522673374,0.18011265611560467
2021-09-27,0.794484866208216,0.1740614919915302
2021-09-28,0.777461351987287,0.16472155229805086
2021-09-29,0.8321414678435441,0.20709047073294873
2021-09-30,0.8326617420261465,0.20682183487925498
2021-10-01,0.8018269647779338,0.20119328211458265
2021-10-04,0.7650189545267763,0.1920648152006479
2021-10-05,0.843949758998036,0.222975533674736
2021-10-06,0.8145224339420831,0.21771611692642556
2021-10-07,0.8070641676622462,0.21623503671288813
2021-10-08,0.8296069032970746,0.2444975896204563
2021-10-11,0.8150140291592314,0.24386088032478104
2021-10-12,0.7988507643002509,0.23343249607213434
2021-10-13,0.788035131081015,0.18391116297720522
2021-10-14,0.8282977967603198,0.17546477212197398
2021-10-15,0.6705907203644036,0.13471178673075113
2021-10-18,0.6668511191856434,0.13522193909196967
2021-10-19,0.7353100801978938,0.16244704638295682
2021-10-20,0.7853669616995043,0.179824506031808
2021-10-21,0.7809522888362519,0.17772445086965194
2021-10-22,0.7889154402634521,0.19431690416742975
2021-10-25,0.7999388995239345,0.19781384719979556
2021-10-26,0.817808853968911,0.20242238888232955
2021-10-27,0.8195583684968224,0.20162617460531929
2021-10-28,0.7334645042721097,0.1525678532324234
2021-10-29,0.8124220077831064,0.17267036382047496
2021-11-01,0.8355475188371132,0.1819692264085
2021-11-02,0.8427631656474645,0.17990966635346972
2021-11-03,0.8248488552909732,0.169383877500206
2021-11-04,0.7756424653384344,0.14414889612533932
2021-11-05,0.7684284791055775,0.1421525676145895
2021-11-08,0.7657294004768115,0.14123871504295415
2021-11-09,0.7689694833634325,0.14064157646706243
2021-11-10,0.77904636140764,0.14556041911843587
2021-11-11,0.7890753943584393,0.14934414944099106
2021-11-12,0.8406916150912707,0.15495495373537482
2021-11-15,0.8425351742216562,0.1574482449559247
2021-11-16,0.8256494328775754,0.1489750168022258
2021-11-17,0.8058546274101712,0.14058924222455071
2021-11-18,0.8098364165977636,0.1421801001166887
2021-11-19,0.7941376448571666,0.13482397589315998
2021-11-22,0.7587293262828838,0.12005765175987915
2021-11-23,0.7817622636536512,0.1204682725527656
2021-11-24,0.7701789123278575,0.11587428312984638
2021-11-26,0.7712206528360538,0.11612225486238315
2021-11-29,0.7401383782550053,0.1261146890843592
2021-11-30,0.7399373422460812,0.13120345936543087
2021-12-01,0.7432292341615674,0.14571731989074133
2021-12-02,0.8032542982145556,0.16486642860163625
2021-12-03,0.7397387485150557,0.15105284932805063
2021-12-06,0.7944313196779877,0.16601515203952444
2021-12-07,0.7861808522322644,0.16576357501976557
2021-12-08,0.8481138582417348,0.20225635382253104
2021-12-09,0.8476823483871495,0.2008050822400297
2021-12-10,0.916928430653891,0.226323589755686
2021-12-13,0.8888274907537758,0.21570875894256747
2021-12-14,0.9142912145394279,0.22738445268945506
2021-12-15,0.9136014279838891,0.21238349684403524
2021-12-16,0.9325627370497034,0.22923252101397273
2021-12-17,0.9472406755607437,0.2344747594265788
2021-12-20,0.9152674365810968,0.22036632796184386
2021-12-21,0.9799421644450561,0.24594186580762645
2021-12-22,1.045668608246937,0.28023745120980226
2021-12-23,1.0446590905920505,0.26447107769367584
2021-12-27,1.0405986591341003,0.26511675616107344
2021-12-28,1.0387242856499856,0.2620876820812861
2021-12-29,1.05248490709546,0.2628825860290822
2021-12-30,1.0169859517505389,0.24239711652808205
2021-12-31,1.0113313578558552,0.23443773962224568
2022-01-03,1.0094007498492785,0.234114821249492
2022-01-04,1.0079276857647912,0.23221908036084016
2022-01-05,1.010245423889789,0.2307062906872367
2022-01-06,1.150591203938695,0.2904790906081659
2022-01-07,1.1901182471065288,0.3307361550449568
2022-01-10,1.1703658524587657,0.34099684607202063
2022-01-11,1.239209074193007,0.3628049299840186
2022-01-12,1.2451323284485798,0.36628189690153146
2022-01-13,1.2444919361836495,0.36612756166511773
2022-01-14,1.1868078187521771,0.3574218386987781
2022-01-18,1.1832242290095434,0.3557974716336275
2022-01-19,1.1938870076467336,0.37563078424015883
2022-01-20,1.1650371934770465,0.3659436860799111
2022-01-21,1.1035683412828958,0.3385453312093144
2022-01-24,1.1434209985134536,0.3689552587342587
2022-01-25,1.1728551396298381,0.4114241853203502
2022-01-26,1.1466261673382827,0.415937047710332
2022-01-27,1.1429745722294016,0.4113457507623858
2022-01-28,1.1355354415765702,0.4208657070721892
2022-01-31,1.0940156609996896,0.43271984527192053
2022-02-01,1.2314252732942812,0.48392175272500804
2022-02-02,1.2304843838188881,0.4848705625784595
2022-02-03,1.219393426433137,0.4841214490379282
2022-02-04,1.1909801891197482,0.5013479320511475
2022-02-07,1.197864774432448,0.5036851065827663
2022-02-08,1.1965083474115166,0.5013181338749735
2022-02-09,1.1891685517331958,0.5237282885298865
2022-02-10,1.2312487708033317,0.5337507438318552
2022-02-11,1.230267606688602,0.5454347281401478
2022-02-14,1.226990626974977,0.5551025523054581
2022-02-15,1.2270948726016588,0.5552602538919855
2022-02-16,1.3025032267929118,0.5719965616727863
2022-02-17,1.3060501502827189,0.5875622425167109
2022-02-18,1.260923427344329,0.5822072467162656
2022-02-22,1.2683982017153639,0.5870185889274934
2022-02-23,1.2762863326405902,0.5905195344380301
2022-02-24,1.2858974747534868,0.5890158190598075
2022-02-25,1.3954636131372475,0.5644990851747185
2022-02-28,1.4228688623627082,0.5824679267019046
2022-03-01,1.3898406147464255,0.4938492125800076
2022-03-02,1.4150853153085838,0.5087843628770945
2022-03-03,1.3105758570100405,0.4606920089571336
2022-03-04,1.3259662601231827,0.45549656271617134
2022-03-07,1.3080073888399046,0.4372663781324615
2022-03-08,1.1118068530479408,0.3382109615217975
2022-03-09,1.0535221010730844,0.2727380033159048
2022-03-10,0.9990714913376233,0.2631830821886737
2022-03-11,1.004322159014839,0.2636108695532847
2022-03-14,0.9949901647234294,0.26606788696775496
2022-03-15,1.011567009200736,0.2607588280807043
2022-03-16,0.9860992017040006,0.2616735598427882
2022-03-17,1.0053040472702908,0.2785357012891675
2022-03-18,0.9786091284514127,0.27468800458587006
2022-03-21,0.9444216442408522,0.258292792072212
2022-03-22,0.9485511314423629,0.25763171368795146
2022-03-23,0.9552552656615356,0.26255005201835624
2022-03-24,0.9823879432073173,0.27377270391960007
2022-03-25,0.9824212297742148,0.27939791582601836
2022-03-28,0.9741257485125672,0.27445253859401253
2022-03-29,0.974612593851534,0.27749517563737913
2022-03-30,0.9769187536903877,0.2814008415739452
2022-03-31,0.9743354770528971,0.2801436746138649
2022-04-01,0.9482081447111428,0.27217888188872796
2022-04-04,0.8953267006592646,0.2512889005483644
2022-04-05,0.9032670333769638,0.2569166785413993
2022-04-06,0.8949903249390687,0.25558295181441215
2022-04-07,0.8990829782037195,0.25891680012111695
2022-04-08,0.8909316094387645,0.2518355191893773
2022-04-11,0.8936316883954762,0.2517859233221834
2022-04-12,0.8882991110982641,0.2511500577395225
2022-04-13,0.891837988406956,0.25253198969628043
2022-04-14,0.8698644115388385,0.24221349186643337
2022-04-18,0.8772186941647903,0.246159950997339
2022-04-19,0.8905583131982933,0.2506814196449587
2022-04-20,0.8592962299759056,0.2381377799969323
2022-04-21,0.8617305848313446,0.2363954273120935
2022-04-22,0.8914544111511222,0.24296091657434638
2022-04-25,0.8770791549740853,0.24941945377966068
2022-04-26,0.8683331112902618,0.24674798177667445
2022-04-27,0.9074533198786061,0.26837940705509733
2022-04-28,0.8502510289826954,0.24744311448871215
2022-04-29,0.8166764685291341,0.2403990734454492
2022-05-02,0.7891941530423066,0.24512116124098393
2022-05-03,0.7720908985432168,0.23138805760388692
2022-05-04,0.7749845527746769,0.23203043698322445
2022-05-05,0.8093779626453907,0.25983328935271366
2022-05-06,0.8427393029314926,0.2911344513910078
2022-05-09,0.8279279474143144,0.2776265796686822
2022-05-10,0.8865221320764352,0.30685573756972195
2022-05-11,0.8740908900659266,0.29722297404620257
2022-05-12,0.8888918129174952,0.3052894918696616
2022-05-13,0.847087320476978,0.28988420127866155
2022-05-16,0.8918810073486656,0.3147935581132323
2022-05-17,0.8990301336766171,0.3127395400768542
2022-05-18,0.9253496961772822,0.3289593739393347
2022-05-19,0.8411777021279454,0.3024805163295524
2022-05-20,0.8357668214843776,0.28495828268929213
2022-05-23,0.7780667662722405,0.2786294685695334
2022-05-24,0.7603388116315282,0.2684009716450626
2022-05-25,0.7673841801302737,0.3079186852410798
2022-05-26,0.7740378181481097,0.30996704994306223
2022-05-27,0.8216920165523234,0.34617275627528565
2022-05-31,0.8202388138613046,0.36197521917563835
2022-06-01,0.8220468918100062,0.361616961235227
2022-06-02,0.9119119439830616,0.4301575753842437
2022-06-03,0.971442466001454,0.5468680586584456
2022-06-06,0.9996522672097259,0.5627254663030659
2022-06-07,1.0009496275508403,0.5598472438560418
2022-06-08,0.9981206232037662,0.557677919658651
2022-06-09,0.9861867155050903,0.5707766088259878
2022-06-10,1.0016463050854352,0.5796329084710721
2022-06-13,0.9789719704186296,0.570275426625218
2022-06-14,1.024401463967257,0.5994519687680132
2022-06-15,1.0311454776137539,0.5998817710294319
2022-06-16,1.0403567239958473,0.607680495001103
2022-06-17,1.0456200848388826,0.6193612905778139
2022-06-21,1.0534324975436005,0.6032133691807318
2022-06-22,1.0501550142334721,0.6074369482144264
2022-06-23,1.0575533665646542,0.6154926473854967
2022-06-24,1.064841029779259,0.6191524836317883
2022-06-27,1.0124915497245786,0.591469292727788
2022-06-28,1.0120264836014607,0.5866420923802481
2022-06-29,1.0320817283982624,0.6043810938533574
2022-06-30,1.0293442481393462,0.5944637225051987
2022-07-01,1.0167222657190176,0.5790658316115136
2022-07-05,1.0231463204322828,0.5845395063426958
2022-07-06,1.0184162745840046,0.5771509701208365
2022-07-07,1.022734282030004,0.5829520517633231
2022-07-08,1.0433962217555552,0.5888808646451542
2022-07-11,1.0489553748834046,0.5870086760325973
2022-07-12,1.0560871103798186,0.5882618767810758
2022-07-13,1.059936390859631,0.5867500088492482
2022-07-14,1.0585266920479495,0.583361616368104
2022-07-15,1.0598055849373027,0.584974847150141
2022-07-18,1.016589909669527,0.5450014414822406
2022-07-19,1.0099455412236493,0.5359767970353322
2022-07-20,0.9723460672806129,0.5435656095196798
2022-07-21,0.9827722509335796,0.5421547664361268
2022-07-22,0.9776338488480669,0.5385572339042464
2022-07-25,0.9760115695160443,0.5282893270899567
2022-07-26,0.9755811507164788,0.5273655232190715
2022-07-27,1.0094402888009475,0.5440431119022223
2022-07-28,1.0795396313442345,0.5712945985413802
2022-07-29,1.1188297011664257,0.5524591302863835
2022-08-01,1.1197556944389526,0.5561254253333274
2022-08-02,1.113342642192079,0.5389561325226856
2022-08-03,1.1018384019115008,0.511354711116454
2022-08-04,1.0522114255296824,0.48085213040061303
2022-08-05,0.9852999888742988,0.44031220199976995
2022-08-08,0.9850746416013388,0.44034857872545763
2022-08-09,0.9650339615878301,0.42987321451910965
2022-08-10,0.9626558822389497,0.43022273841781133
2022-08-11,0.9577747163079557,0.4261303795249285
2022-08-12,0.9561069268374921,0.4214202716342822
2022-08-15,0.9231028136286197,0.40591651846976107
2022-08-16,1.0202073093420967,0.4364347256962894
2022-08-17,1.0450002971972663,0.46881446982560127
2022-08-18,1.044082692909909,0.4699256554197119
2022-08-19,1.0560603944532647,0.47120037098272216
2022-08-22,1.068108925998005,0.47695341127876845
2022-08-23,1.0578774506588247,0.48002541655990005
2022-08-24,1.0542784790914599,0.47138923887337447
2022-08-25,1.064376297000438,0.46191517563793927
2022-08-26,1.0638985554412905,0.46597974527038444
2022-08-29,1.032568244386642,0.47139653518732627
2022-08-30,1.0096023125682123,0.4586076988984017
2022-08-31,1.0185563014177434,0.46095611433731665
2022-09-01,1.010514599796514,0.4601166866251377
2022-09-02,1.006054107131797,0.4484176726235123
2022-09-06,1.008993496941104,0.4491241101498724
2022-09-07,0.9961089752143322,0.430281765923603
2022-09-08,1.0595946139665438,0.44034163547135596
2022-09-09,0.981844009291476,0.3772965054069213
2022-09-12,0.9575733233247634,0.36821649818527047
2022-09-13,0.9430343271953058,0.3599516636524105
2022-09-14,0.8663954607253761,0.339115215625563
2022-09-15,0.8660878554193341,0.35127994750304514
2022-09-16,0.8877070270736116,0.34803929105824827
2022-09-19,0.8853569244545049,0.34872833728057795
2022-09-20,0.8709982778971852,0.339823664675718
2022-09-21,0.9707027801060094,0.37452841784268076
2022-09-22,0.9592390836480413,0.37760481372212973
2022-09-23,0.961453984768502,0.3626842860092828
2022-09-26,0.9831430897191168,0.3839955076895829
2022-09-27,1.0152072731743633,0.4046238200525698
2022-09-28,1.0110664875844926,0.3989352500785537
2022-09-29,1.0054219556106634,0.409659562206133
2022-09-30,1.0534714167330577,0.4338092931230567
2022-10-03,0.9997803592720025,0.41295899928550206
2022-10-04,1.0078794962428024,0.43496938162977694
2022-10-05,0.9922750088961202,0.44874713282642786
2022-10-06,0.992093342297433,0.4253618282087449
2022-10-07,1.0101309772498654,0.4332724720326576
2022-10-10,1.0104695908749783,0.4480830685953745
2022-10-11,1.0636169636145905,0.48779255458556436
2022-10-12,1.0810093583940512,0.5084966692214588
2022-10-13,1.1092683695364738,0.500018899696442
2022-10-14,1.073028908679503,0.4923451669711939
2022-10-17,1.076789696198136,0.5027078738693403
2022-10-18,1.0617706867180812,0.5067473520302166
2022-10-19,1.0718211219523628,0.5136405351376563
2022-10-20,1.0793161834226446,0.5080964071155014
2022-10-21,1.0401308030554828,0.4836468351313231
2022-10-24,0.9725255295646735,0.516157266827753
2022-10-25,0.9430708971281194,0.4960259291614466
2022-10-26,0.9622990745702082,0.5069485303286457
2022-10-27,0.9543368678348056,0.4878730057965951
2022-10-28,0.992954498055316,0.5241714262736796
2022-10-31,0.9519352997940425,0.5122094003032429
2022-11-01,0.9482357529019338,0.5114600410859199
2022-11-02,0.946546846657774,0.5106991215941934
2022-11-03,0.9314515660180633,0.5119478938770665
2022-11-04,0.8715310824594777,0.4660118837745495
2022-11-07,0.8694589353554983,0.4719383101257155
2022-11-08,0.8579098022015866,0.4560897844366001
2022-11-09,0.8695898825512933,0.45480630559062263
2022-11-10,0.854608664782962,0.4510358226917299
2022-11-11,0.922369204091388,0.5277859137263823
2022-11-14,0.9114369396999976,0.5173112538806458
2022-11-15,0.9013150082644017,0.5142743417371
2022-11-16,0.9118745220999833,0.5136383631988968
2022-11-17,0.9135471710589228,0.5154661371687899
2022-11-18,0.9085472823699745,0.5168630869177817
2022-11-21,0.899674712599364,0.5103546555112204
2022-11-22,0.9189805911970026,0.505792658362389
2022-11-23,0.9190300730811095,0.5081763912461137
2022-11-25,0.9223763028323124,0.5080476106027196
2022-11-28,0.9272840272166021,0.5116615580877646
2022-11-29,0.9328874086108481,0.5255163229824011
2022-11-30,0.9298207285600385,0.5225788889050245
2022-12-01,0.9567238307923565,0.5514525143697173
2022-12-02,0.9255461538024436,0.5500552350324934
2022-12-05,0.9231829188809816,0.5422263689727724
2022-12-06,0.9266106958042938,0.546974772446554
2022-12-07,0.9328964021742916,0.5506320354335167
2022-12-08,0.9794743090126018,0.5511885310620237
2022-12-09,0.9771724835709987,0.554433862652334
2022-12-12,0.9623280147936466,0.5501103825087594
2022-12-13,0.9623128233644265,0.5525727336726818
2022-12-14,0.9690408806366151,0.5568278953309512
2022-12-15,0.9461601103466314,0.5432210824199946
2022-12-16,0.9551228579648441,0.5559159305699989
2022-12-19,0.9465848737761947,0.5637780180113987
2022-12-20,0.933814722350144,0.5571074862889648
2022-12-21,0.9232083336177939,0.5549176131791554
2022-12-22,0.9260284829371981,0.5612931952982128
2022-12-23,0.932061618972843,0.562420566709364
2022-12-27,0.8927095076248184,0.5463024771775957
2022-12-28,0.9107490648213328,0.5552833921271398
2022-12-29,0.8964378913565239,0.5409667684125543
2022-12-30,0.8875259968514213,0.5257803590984584
2023-01-03,0.8797804872213817,0.5620500076036212
2023-01-04,0.8680943939744071,0.5619656096135753
2023-01-05,0.8583015731004187,0.5421871046956703
2023-01-06,0.8705620697434155,0.5470053657596099
2023-01-09,0.8766122623838999,0.5579278392707319
2023-01-10,0.8669791750043356,0.5669334816384404
2023-01-11,0.8944574702218533,0.5745692592726188
2023-01-12,0.9071080526892721,0.5639018692632329
2023-01-13,0.9220237266234055,0.558680680234381
2023-01-17,0.9088118042846067,0.5536729684230436
2023-01-18,0.8886826819809859,0.5608996957216359
2023-01-19,0.8856082469623264,0.5637556125071448
2023-01-20,0.9187116849196361,0.5447779411267344
2023-01-23,0.925630732054947,0.5635631552288973
2023-01-24,0.9133423522138066,0.5595214708988385
2023-01-25,0.9380286763754144,0.6037285194326414
2023-01-26,0.9434954422043509,0.6055041302948561
2023-01-27,0.9840783568404421,0.6347495525557636
2023-01-30,0.9886575856138777,0.6354123384230133
2023-01-31,0.998852145522469,0.6431738540639553
2023-02-01,1.0407559615048436,0.64814984841629
2023-02-02,1.0762720498982183,0.7007279659482726
2023-02-03,1.0592978545816254,0.6780192627291202
2023-02-06,1.091764733310351,0.7009305348594075
2023-02-07,1.0815159527620082,0.711161431745203
2023-02-08,1.1076461736163583,0.7208393738544121
2023-02-09,1.039254094525675,0.6324269614839254
2023-02-10,1.0707906912976286,0.6624505185702966
2023-02-13,1.0717711068166516,0.6601562990739749
2023-02-14,1.0586065880059494,0.6617097825260811
2023-02-15,1.058013698483402,0.6580393080392659
2023-02-16,1.069104709877825,0.6488163217043162
2023-02-17,1.0928196965139967,0.660188852768512
2023-02-21,1.0898191079176136,0.6579342418536773
2023-02-22,1.0718191091018718,0.6554063392617336
2023-02-23,1.0680244437487425,0.6538169765006062
2023-02-24,1.0671302015421673,0.6541886330667648
2023-02-27,1.0756850164130085,0.6518698379881125
2023-02-28,1.0811633199742665,0.6450770451081911
2023-03-01,1.040336990854255,0.5997020327126958
2023-03-02,1.030166887562861,0.5801925927370711
2023-03-03,1.0176475307000443,0.5830719115620024
2023-03-06,1.0490976944971155,0.5963093491737612
2023-03-07,1.0385429277390124,0.5806160349136795
2023-03-08,1.023201613916756,0.5805762174040481
2023-03-09,1.022480491753336,0.5782599509517057
2023-03-10,1.0162277542485942,0.5861361680470114
2023-03-13,1.0242780586998932,0.5906646690881905
2023-03-14,1.0176749755375203,0.5837831634522062
2023-03-15,1.0219646247527296,0.6103430817706188
2023-03-16,1.0582625813432274,0.5966278586073422
2023-03-17,1.0013845663892864,0.55802013781064
2023-03-20,1.0379108084554192,0.5598431973224238
2023-03-21,1.0468129203567158,0.5650390632168885
2023-03-22,1.0646046925553505,0.5670274470869412
2023-03-23,1.0535349410047412,0.5644745788013623
2023-03-24,1.0629003888901098,0.5704770070311621
2023-03-27,1.0508424676482457,0.5629826299083114
2023-03-28,1.059917733350495,0.5617824558891431
2023-03-29,1.0622566454204487,0.5518036037375036
2023-03-30,1.0756364935588671,0.5637480572403808
2023-03-31,1.080129223684199,0.5612603017547002
2023-04-03,1.0817808140538774,0.566468682674976
2023-04-04,1.0625831837362405,0.546229929748532
2023-04-05,1.0509117745526946,0.5247339515725502
2023-04-06,1.0592183422473629,0.5294026595066753
2023-04-10,1.0499932752564363,0.5273510208464782
2023-04-11,1.0168194449628636,0.5135647402783912
2023-04-12,1.010074715943242,0.5160844067031909
2023-04-13,1.0092119520692957,0.5160043929082383
2023-04-14,1.0284962449061699,0.5339837802573045
2023-04-17,1.0503715880806954,0.5341799838421799
2023-04-18,1.0217473448861096,0.5360952981023154
2023-04-19,1.0456213445946512,0.5371969291072365
2023-04-20,1.0322457410804544,0.5265334704317918
2023-04-21,1.0239486724552196,0.5234737773960082
2023-04-24,1.023829591546622,0.5256143478608282
2023-04-25,1.0442690699773167,0.5359207108865109
2023-04-26,1.0526713286068439,0.5532435622928895
2023-04-27,1.0733345078553231,0.49924344353907946
2023-04-28,1.0304923569659956,0.4951951970476379
2023-05-01,1.0006721061718893,0.46486152137655345
2023-05-02,1.0512893066300044,0.49250781996146986
2023-05-03,1.035326377235979,0.49169463288060944
2023-05-04,1.0312642672515828,0.48876191862172147
2023-05-05,1.0416735369705177,0.48443956176785863
2023-05-08,1.0551880758428243,0.5020049617217066
2023-05-09,1.0444323056734766,0.49495628684321125
2023-05-10,1.045525421217639,0.49655569647944775
2023-05-11,1.0504119168758832,0.49356453623323526
2023-05-12,1.0503371720228516,0.49481132149104357
2023-05-15,1.0310586721037434,0.4571337359789859
2023-05-16,1.0022244373178504,0.4387021598249494
2023-05-17,1.022164620430773,0.44419153470598327
2023-05-18,1.0332465133410476,0.43530908997748996
2023-05-19,0.9968663081710842,0.40730073725867155
2023-05-22,0.9987718199689695,0.4073275768974589
2023-05-23,0.9811144510149671,0.38946785799852435
2023-05-24,0.9673251172772732,0.39637778689646996
2023-05-25,0.9629850675315565,0.39597460500824855
2023-05-26,0.968573390166195,0.41179821306989095
2023-05-30,0.9519278164130034,0.40583007807237825
2023-05-31,0.9302400215726141,0.3854505926580474
2023-06-01,0.9349390939764318,0.39253112256254563
2023-06-02,0.9742427433932144,0.40018838652075617
2023-06-05,0.956381803470177,0.39847332296483906
2023-06-06,0.9762667938339762,0.38963580830970035
2023-06-07,0.9812857176170067,0.37820199076240124
2023-06-08,0.9845912301849459,0.38317589119858
2023-06-09,0.9944026373037128,0.37715045692929183
2023-06-12,0.9641209806718967,0.3671661521145798
2023-06-13,1.0449078574124515,0.4063937956113495
2023-06-14,0.9655140193241725,0.3756852247540814
2023-06-15,0.9523095510649862,0.36500621650585163
2023-06-16,0.9336995731554911,0.3588951957261567
2023-06-20,0.9456355507456962,0.3428605121982906
2023-06-21,0.97401850417617,0.3536136764347976
2023-06-22,0.9830693498391132,0.3623573408392706
2023-06-23,0.9761080911295938,0.3537969739255382
2023-06-26,0.9998983907479007,0.36850680289868365
2023-06-27,0.9562718829636185,0.3382310457770148
2023-06-28,0.941007810296226,0.3426685996608908
2023-06-29,0.9217300225866112,0.32258655561754923
2023-06-30,0.9269811664020189,0.329707261091857
2023-07-03,0.9829434840802027,0.3508003229133443
2023-07-05,0.9706962514554944,0.34767172211068575
2023-07-06,0.9813527538494017,0.3469558576119649
2023-07-07,1.0170761542789764,0.3680014202665435
2023-07-10,0.9997873787419758,0.3512964012820836
2023-07-11,1.0110385347563517,0.34887900255035387
2023-07-12,0.981463853861426,0.3299395277222693
2023-07-13,1.009500389862935,0.33620136188018923
2023-07-14,1.0155949118282708,0.3467756727666641
2023-07-17,1.0229561097190576,0.3457803850547536
2023-07-18,1.0340003437041034,0.33649492191358166
2023-07-19,1.0278829334733752,0.3298906337961174
2023-07-20,1.0293993366100067,0.33057599585077246
2023-07-21,1.0395383902398616,0.339100556605898
2023-07-24,1.0330568852004303,0.3147319196528914
2023-07-25,0.9573148515835831,0.3223135054020738
2023-07-26,0.954444537506201,0.29722869595311663
2023-07-27,1.0047303714652625,0.3289211466838253
2023-07-28,1.0446450191797996,0.34405376502762197
2023-07-31,0.9906281641995167,0.3099699870008318
2023-08-01,1.0164414425600328,0.31565597430728476
2023-08-02,1.0932596551156055,0.34971043398417245
2023-08-03,1.2380092183678708,0.3839641942869917
2023-08-04,1.2315728336593625,0.38266570118261845
2023-08-07,1.234991401467982,0.38432905891520397
2023-08-08,1.1938557943750117,0.36656762296266066
2023-08-09,1.178470744852933,0.3608918572928559
2023-08-10,1.149578749026852,0.3862870632359727
2023-08-11,1.146758078195385,0.3835539350843299
2023-08-14,1.1156962185099926,0.369299880815266
2023-08-15,1.1288297315525782,0.3659622318761443
2023-08-16,1.2621313232119422,0.43913205849250214
2023-08-17,1.2568846705557166,0.44303965068783324
2023-08-18,1.2569604009201376,0.45888860696195766
2023-08-21,1.2961638005959855,0.46333569000126107
2023-08-22,1.3121342398584517,0.46745693727728177
2023-08-23,1.331899333180218,0.47342530452835685
2023-08-24,1.4341635832687207,0.5203541406821178
2023-08-25,1.400878713386137,0.5300369217436167
2023-08-28,1.4134874485235134,0.5330181425611468
2023-08-29,1.381972154608,0.5208953544202788
2023-08-30,1.498954173269534,0.5631152333345817
2023-08-31,1.4712723692247884,0.5229398575825795
2023-09-01,1.471042858611268,0.5233268540274533
2023-09-05,1.4814545273052673,0.5267652263085442
2023-09-06,1.4972433119545538,0.5310476151639256
2023-09-07,1.5076637154534072,0.5397909029497203
2023-09-08,1.5020689825471023,0.532303714684857
2023-09-11,1.5150833475659602,0.5339937531257222
2023-09-12,1.5144534074375424,0.5391882301775677
2023-09-13,1.4660584464113664,0.4961324362253926
2023-09-14,1.4672518842096784,0.4931741341775896
2023-09-15,1.4945635233038608,0.5004124203388771
2023-09-18,1.4706821434347237,0.5038301836654956
2023-09-19,1.4855005651491964,0.5086688544936466
2023-09-20,1.468128397603924,0.4929714966561183
2023-09-21,1.4193363393633789,0.4740848605840572
2023-09-22,1.3929352155070687,0.4787732858563125
2023-09-25,1.3939286650513893,0.4801230332546391
2023-09-26,1.3881446333544802,0.47582435628611586
2023-09-27,1.323481216288719,0.46305629275700744
2023-09-28,1.3212384200880924,0.4615408407605244
2023-09-29,1.3119275826446546,0.466401890886496
2023-10-02,1.281939161837013,0.4532502891067637
2023-10-03,1.2958048042104315,0.42037895714588447
2023-10-04,1.3120789326345115,0.4454199028384255
2023-10-05,1.3139995793199375,0.4472760422198928
2023-10-06,1.2661257392805387,0.43144333275155966
2023-10-09,1.2621395918768503,0.43856588195641766
2023-10-10,1.253470069807142,0.44217301154057365
2023-10-11,1.2907587881860068,0.42907702115803625
2023-10-12,1.3354894246245166,0.44547353677308665
2023-10-13,1.3553623052454165,0.44874382548572755
2023-10-16,1.3526836035644267,0.4463155469376394
2023-10-17,1.3680669389821016,0.46177162489955315
2023-10-18,1.3753441029001356,0.4591436489735792
2023-10-19,1.3879822707230782,0.47487049217710664
2023-10-20,1.3901084124904133,0.48026571781302596
2023-10-23,1.403608577373902,0.49332530320780377
2023-10-24,1.4407884275239042,0.5021577523975811
2023-10-25,1.4643231893289723,0.5121120173807697
2023-10-26,1.448816513283945,0.5204693547426077
2023-10-27,1.296146460178481,0.44999512282122067
2023-10-30,1.3186134986758522,0.4413082083858654
2023-10-31,1.2663528878474457,0.42601899101591867
2023-11-01,1.316123027161158,0.4463965574692479
2023-11-02,1.2554866605362356,0.4194464658988307
2023-11-03,1.355000107376045,0.48943692344835776
2023-11-06,1.3954147063863132,0.5039487986898155
2023-11-07,1.386544792540204,0.49514507805535257
2023-11-08,1.3884163946483794,0.49380074378885164
2023-11-09,1.3554652568969594,0.4724703550078827
2023-11-10,1.3517923326472057,0.4712032383127771
2023-11-13,1.273910372392471,0.4392792572553822
2023-11-14,1.2724063024028394,0.43826671213346413
2023-11-15,1.4953391135133456,0.4772983028380442
2023-11-16,1.499590281773084,0.47814920835538455
2023-11-17,1.4916484609337008,0.46695126149444555
2023-11-20,1.5145186993987512,0.4622668107108253
2023-11-21,1.525365693880122,0.46453994921885955
2023-11-22,1.53901305291097,0.4637107332977327
2023-11-24,1.5033359368230546,0.4418939335988561
2023-11-27,1.5274906246781739,0.4629070651945334
2023-11-28,1.5282049328210614,0.463121157344883
2023-11-29,1.5312887326460016,0.4593881592953265
2023-11-30,1.5204539551359129,0.45107043334284436
2023-12-01,1.5156303766759347,0.44729802445821787
2023-12-04,1.5416708465400923,0.4485889262161371
2023-12-05,1.532260005555007,0.4467002112535149
2023-12-06,1.5383543773249448,0.44509236685348563
2023-12-07,1.5683821461267147,0.45950622100750615
2023-12-08,1.5575168167117914,0.4598247527395095
2023-12-11,1.5150209670689714,0.4416264038138339
2023-12-12,1.5383663890801471,0.4407598486662616
2023-12-13,1.5164637886700456,0.42821952060510526
2023-12-14,1.6023133113248451,0.4556251045289318
2023-12-15,1.678057178680294,0.44150629342898895
2023-12-18,1.722705232289583,0.4329388233078073
2023-12-19,1.6965042377921562,0.41810433114534507
2023-12-20,1.7288675815310746,0.42458412292161474
2023-12-21,1.7899366262363112,0.440437783643186
2023-12-22,1.8253134775940574,0.44946973067482476
2023-12-26,1.8323382636868342,0.4509292909137361
2023-12-27,1.845646370162146,0.45335293247814923
2023-12-28,1.8224480095602926,0.47036198679840924
2023-12-29,1.8094081960944453,0.44899195083839616
2024-01-02,1.8242041307321792,0.45322688459128524
2024-01-03,1.8188654945676799,0.45685376574185055
2024-01-04,1.853926729467059,0.4656675833875824
2024-01-05,1.87710358884756,0.47324476524531334
2024-01-08,1.8431641642267471,0.47962898728791203
2024-01-09,1.776248668530764,0.46712291244765514
2024-01-10,1.7478115298503685,0.45867511179261333
2024-01-11,1.7409356125002784,0.4534623988686268
2024-01-12,1.7512381652611602,0.4487319495623875
2024-01-16,1.7569912386675086,0.4508218288781878
2024-01-17,1.804926434857602,0.43562444800117994
2024-01-18,1.836379719125502,0.4378337414558119
2024-01-19,1.7938954839804215,0.4127400701629619
2024-01-22,1.730348683640826,0.39585294456466147
2024-01-23,1.7140717657287101,0.388978883023666
2024-01-24,1.7597063867146177,0.37694840358146975
2024-01-25,1.9551571183136014,0.42739401322932924
2024-01-26,1.8963780867649078,0.4146778929861662
2024-01-29,1.9809762103582567,0.4383881724101877
2024-01-30,1.9820657419206364,0.4401729438396086
2024-01-31,2.0908795791788837,0.4766376953072978
2024-02-01,1.8355260642509315,0.3985478628114768
2024-02-02,1.8468571868043713,0.4092522072913958
2024-02-05,1.7324328558862512,0.3670810019211971
2024-02-06,1.7635977375557457,0.3765061989934366
2024-02-07,1.7614179938111145,0.37490033583124993
2024-02-08,1.8183242356684517,0.38193673767994063
2024-02-09,1.9913588433944382,0.4266399982039908
2024-02-12,2.006301389781168,0.43036326590394647
2024-02-13,1.6757441758492528,0.33744859553163786
2024-02-14,1.746121278235072,0.3803270789646044
2024-02-15,1.7869428595329457,0.39540251531658066
2024-02-16,1.799250485366152,0.40160148235113646
2024-02-20,1.7920435817608784,0.4015005302432234
2024-02-21,1.7755650996668721,0.4044914846975117
2024-02-22,1.7860378113518935,0.40590120880969927
2024-02-23,1.4041758267379638,0.2793993417699179
2024-02-26,1.404458955716787,0.27749764288004586
2024-02-27,1.3919877604528996,0.27793207098710193
2024-02-28,1.4052100920557342,0.2827328182609994
2024-02-29,1.40824573021577,0.2838636708502439
2024-03-01,1.3865310010661271,0.27997216703766636
2024-03-04,1.4199481434313452,0.2902850675398857
2024-03-05,1.4265628474691943,0.2914586476373576
2024-03-06,1.3589506976773205,0.2766982387600272
2024-03-07,1.3805319142425263,0.28011977248780995
2024-03-08,1.398626520147638,0.292618263920168
2024-03-11,1.3580929976516356,0.28112301521859306
2024-03-12,1.3769777902160714,0.2934513368062046
2024-03-13,1.1504892454310474,0.21209794910193935
2024-03-14,1.1386968644677413,0.23466524201952743
2024-03-15,1.1621851397690501,0.2436091943364368
2024-03-18,1.171945845715889,0.25395162562588136
2024-03-19,1.1380531632988662,0.25143652512762793
2024-03-20,1.0562332035997635,0.2129679207469598
2024-03-21,1.0285923481560852,0.20968252860166747
2024-03-22,1.0292256884943183,0.2101184952993701
2024-03-25,1.0146448565895352,0.2082073824306332
2024-03-26,1.0175378783882418,0.2104909643241626
2024-03-27,1.0230251581373218,0.21419083183645915
2024-03-28,1.097076582471899,0.22355383114845528
2024-04-01,1.0899782396468716,0.2181876687400256
2024-04-02,1.0443799624838932,0.20017385047279113
2024-04-03,1.053272632661093,0.20529469863505323
2024-04-04,1.0508532145360556,0.2036151861751342
2024-04-05,0.9999635503459787,0.18738404198175662
2024-04-08,0.9426294748990107,0.16977736535993138
2024-04-09,0.9432104632064456,0.16820182295657393
2024-04-10,0.932192785959622,0.15535646460490182
2024-04-11,0.9946194208461214,0.17730822124665546
2024-04-12,0.9419470992253451,0.17225845527654227
2024-04-15,0.9587963556011005,0.18819657889128472
2024-04-16,1.0015257512771232,0.20769022168997286
2024-04-17,1.0514527528349065,0.21816123062464665
2024-04-18,1.0135716479062802,0.2058736570999593
2024-04-19,1.007027229622517,0.20533123598117653
2024-04-22,0.9965153998728262,0.2069348875581004
2024-04-23,0.9979897393250474,0.20998198334442253
2024-04-24,0.9930236021803744,0.21494950018746384
2024-04-25,0.9780919484463181,0.20757475245753232
2024-04-26,0.9724948125451869,0.208656243746158
2024-04-29,1.056922397352908,0.22872270697682684
2024-04-30,0.9916137071428657,0.20265643089871155
2024-05-01,1.065900816367062,0.24960582807697695
2024-05-02,1.0378973731231182,0.24415945259766014
2024-05-03,1.056970104512647,0.2570469312577994
2024-05-06,1.059711749680663,0.26523208247037533
2024-05-07,1.0440487455088259,0.2646896069222243
2024-05-08,1.0300452098110002,0.259534837807772
2024-05-09,1.036561926657043,0.2678840176120796
2024-05-10,0.9490729277232942,0.2325685973371271
2024-05-13,0.8968764528681856,0.21559447074078064
2024-05-14,0.875820103981236,0.2073428918882898
2024-05-15,0.875677071469777,0.204514831864393
2024-05-16,0.8702185095364378,0.2078397789103713
2024-05-17,0.8696504859833778,0.21033840014980665
2024-05-20,1.143048780137367,0.3346050909820186
2024-05-21,1.1425426496476052,0.33820759671896095
2024-05-22,1.154211191214897,0.3411569022195702
2024-05-23,1.1003966043178717,0.28266951353972225
2024-05-24,1.113426527787443,0.2928303791633021
2024-05-28,1.133486601753067,0.2996673923888513
2024-05-29,1.119281994420043,0.2874855611308076
2024-05-30,1.13514778654111,0.3004840016247978
2024-05-31,1.111664871170086,0.2789449192562783
2024-06-03,1.0535737241129368,0.25830948270692944
2024-06-04,1.0455777748990085,0.24907501887161088
2024-06-05,1.0690133262558044,0.25468794783804793
2024-06-06,1.0509375199913935,0.25589509181389347
2024-06-07,1.1902227965707792,0.3345051308256609
2024-06-10,1.1940470302580788,0.3259917599982367
2024-06-11,1.1938363067682054,0.32523637999789
2024-06-12,1.1961279783250158,0.3216543283612716
2024-06-13,1.1981802763265654,0.32475183568759425
2024-06-14,1.21244975981615,0.32519787830231417
2024-06-17,1.1803782146396844,0.2969656631422408
2024-06-18,1.117558646263854,0.26518308984925365
2024-06-20,1.1156367087052257,0.2642058449814785
2024-06-21,1.1218050198023852,0.26480738949843574
2024-06-24,1.1176857991404205,0.2636846313144542
2024-06-25,1.0143462804240988,0.23806597142877617
2024-06-26,0.9887931854972045,0.22034175689524582
2024-06-27,0.989459969661684,0.21956307552939902
2024-06-28,0.9646011434687447,0.209109679916741
2024-07-01,1.0155707377277612,0.2146456550266962
2024-07-02,1.085551898359185,0.2291828532218041
2024-07-03,1.142925437929204,0.2503096437816307
2024-07-05,1.173840398414601,0.2540359700373742
2024-07-08,1.1664558114497634,0.2729781842068618
2024-07-09,1.0965626772645538,0.2427790903532696
2024-07-10,1.1011755390899431,0.24129907382310134
2024-07-11,1.0457854420327557,0.21185613778211076
2024-07-12,0.7990157529624791,0.11657090738682696
2024-07-15,0.7935105258207372,0.11648300569536196
2024-07-16,0.8281267393799367,0.10722748155995065
2024-07-17,0.8469379518749455,0.11017640576550014
2024-07-18,0.9196328494667478,0.13489461066562636
2024-07-19,0.8984868621060647,0.13144968906411258
2024-07-22,0.8956604408102476,0.12879949541464497
2024-07-23,0.9003390289606021,0.1343897768545419
2024-07-24,0.9065779610354712,0.1346883586970422
2024-07-25,0.5838639009800997,0.06906848087979589
2024-07-26,0.5641369758164361,0.06626077021140298
2024-07-29,0.546318277019069,0.058211154830143386
2024-07-30,0.5549658874412522,0.05914362984805166
2024-07-31,0.5112700248352664,0.051118178313137586
2024-08-01,0.4780376873729587,0.04767608329233697
2024-08-02,0.5077528772386413,0.05629984131145649
2024-08-05,0.4642572965576347,0.05360491031381964
2024-08-06,0.6092492327656998,0.10944847076964925
2024-08-07,0.6035416667973686,0.10897126791963241
2024-08-08,0.5833110755764571,0.10261643586835734
2024-08-09,0.6000662637194847,0.11981776110593434
2024-08-12,0.5814994669811057,0.11456320982721202
2024-08-13,0.5652599769197486,0.10614744145252286
2024-08-14,0.6169972291505739,0.12788888726643954
2024-08-15,0.6134764292949394,0.12650865818798274
2024-08-16,0.6106176506582357,0.13163803020114684
2024-08-19,0.6074339353711948,0.13087830328765104
2024-08-20,0.6510131300578866,0.16493759601508196
2024-08-21,0.6404650609361131,0.1588411575886618
2024-08-22,0.6189115232390175,0.15432307583123395
2024-08-23,0.6355549150500337,0.16417113362737845
2024-08-26,0.6609827227715285,0.17067319595962493
2024-08-27,0.6916872876327428,0.188077054068309
2024-08-28,0.7066855284613566,0.1939443846518365
2024-08-29,0.7071071583973216,0.1966390507969319
2024-08-30,0.7082134627207176,0.1979408607429174
2024-09-03,0.7100628299512978,0.19726802176726332
2024-09-04,0.7514117442372231,0.230715157931216
2024-09-05,0.7360475856296084,0.22919213799703486
2024-09-06,0.7237645105789808,0.22629067102090017
2024-09-09,0.745095134029494,0.24540940799530464
2024-09-10,0.722663823542986,0.23511325854851794
2024-09-11,0.7260375009302411,0.2407427252353802
2024-09-12,0.773893804503971,0.2628825291801904
2024-09-13,0.7831858714727232,0.27346234238765554
2024-09-16,0.7902247438497465,0.27615866847457593
2024-09-17,0.7848971518667993,0.2752428609612383
2024-09-18,0.7840458378968014,0.27381935322470097
2024-09-19,0.7927883389808601,0.2813027632199516
2024-09-20,0.7536839722284043,0.272126382244108
2024-09-23,0.758278361426356,0.2736487847453949
2024-09-24,0.7594417663952719,0.2738817876192453
2024-09-25,0.7377618421036911,0.28208062347856955
2024-09-26,0.7434140902509794,0.2831892973008219
2024-09-27,0.759339818448234,0.28955979296171463
2024-09-30,0.7450431810701528,0.29057440992414285
2024-10-01,0.7430125548296459,0.28717212571544815
2024-10-02,0.7533270096503791,0.2953073427169923
2024-10-03,0.7534672804252791,0.29302657426136125
2024-10-04,0.7511045317497319,0.28674038269795543
2024-10-07,0.7865389643979187,0.33372699170020526
2024-10-08,0.7687471000418392,0.32587297162265927
2024-10-09,0.755061207343829,0.36318683793438067
2024-10-10,0.735524779889666,0.3557515233672254
2024-10-11,0.720368450160918,0.3238206873676779
2024-10-14,0.729196671412481,0.3266474180451475
2024-10-15,0.7174320720895955,0.316315997600767
2024-10-16,0.728864728166401,0.3179151072016617
2024-10-17,0.7329131894617571,0.31792419088110324
2024-10-18,0.8752284225032954,0.4140292696135274
2024-10-21,0.8841754992949251,0.419391176538387
2024-10-22,0.876928569683451,0.4119575775123807
2024-10-23,0.8760583182844217,0.4137266828401558
2024-10-24,0.8928112346240338,0.42397177597474844
2024-10-25,0.8835837230273087,0.40864905968614806
2024-10-28,0.8899977299917506,0.40012258916577115
2024-10-29,0.9646179057981119,0.42676198116663233
2024-10-30,0.9412808452834557,0.3462009334458179
2024-10-31,0.9309272063580132,0.3363956701689278
2024-11-01,0.859975902624534,0.3228944079170045
2024-11-04,0.8675425702806057,0.3000723985408189
2024-11-05,0.8477258367172672,0.27007930906274635
2024-11-06,0.8324539969428975,0.26874116452625374
2024-11-07,0.21861522078613355,0.013085461165184609
2024-11-08,0.24186754844809305,0.015953323451453838
2024-11-11,0.1933379150234353,0.009374586762209924
2024-11-12,0.19334482836851324,0.00937216373708194
2024-11-13,0.18621637320649523,0.008414421419132179
2024-11-14,0.18032138022474123,0.007910503999279617
2024-11-15,0.12695474298054205,0.0038567489393129817
2024-11-18,0.11961780725311665,0.0035567512290198833
2024-11-19,0.047425544621528204,0.0005811136413591544
2024-11-20,0.04482205518905094,0.00051819362498573
2024-11-21,0.04429041603082498,0.0005053020953604825
2024-11-22,0.03703663588294251,0.00035081303543549325
2024-11-25,0.04201281423864314,0.0004483808932098654
2024-11-26,0.031953404246049255,0.00024927301616584074
2024-11-27,-0.14316262994839138,0.004530401475356771
2024-11-29,-0.14076899648081345,0.004428552017726628
2024-12-02,-0.1215936975593537,0.003321294850550549
2024-12-03,-0.2612770667818763,0.013945798251285835
2024-12-04,-0.2684013899538875,0.014238717296663372
2024-12-05,-0.2931214773083027,0.016824594491803624
2024-12-06,-0.42370916810936576,0.03811246053378636
2024-12-09,-0.42048749800654056,0.036914696793135415
2024-12-10,-0.49337807461909444,0.0502884849131795
2024-12-11,-0.47402675132324723,0.04671104126000458
2024-12-12,-0.45633766637297707,0.04430824707950143
2024-12-13,-0.4210575054241664,0.03752382071182536
2024-12-16,-0.4506438944887971,0.03906471540704437
2024-12-17,-0.4732427473211503,0.04292469061698401
2024-12-18,-0.49298318889998455,0.04719730975283931
2024-12-19,-0.11137378433074974,0.00316816085973759
2024-12-20,-0.11712062050787131,0.0035099534455449444
2024-12-23,-0.07288726669548196,0.0014125645113459706
2024-12-24,-0.05098995166258097,0.0006943657140578985
2024-12-26,-0.028105440561812967,0.00021575049435729188
2024-12-27,-0.054792236227152125,0.0008035535550595663
2024-12-30,-0.04578790160619578,0.0005827178403069455
2024-12-31,-0.03271381334375312,0.0003095651798311616
2025-01-02,-0.03207245557773353,0.00029330483463541057
2025-01-03,-0.043847606999664945,0.0005170386611866862
2025-01-06,0.004245608064790851,4.9489392829338286e-06
2025-01-07,0.016389126929620357,7.308130988659123e-05
2025-01-08,-0.030083045449172563,0.00026220623822503786
2025-01-10,-0.05380257838515906,0.0008107171024838156
2025-01-13,0.04450663454734333,0.0005563807083426298
2025-01-14,0.011353151741488932,3.6401058943758e-05
2025-01-15,-0.002214733798878543,1.3950325532530172e-06
2025-01-16,0.05685174115734998,0.000982301080050707
2025-01-17,0.05027611128199461,0.0007666488834924268
2025-01-21,0.060521018108134816,0.0011324622469619516
2025-01-22,0.04574884769756621,0.0006554177071699252
2025-01-23,-0.01290355424227041,5.01257159930546e-05
2025-01-24,0.002393395694677447,1.7045755409395014e-06
2025-01-27,0.0033057340082338627,3.2681551335178582e-06
2025-01-28,-0.0031805699721778047,3.209105172596871e-06
2025-01-29,-0.00615687777349011,1.2359062531275278e-05
2025-01-30,-0.01772639948532595,0.00010141229126725548
2025-01-31,0.008731514182612865,2.1880002482266292e-05
2025-02-03,0.006148156811213001,1.0949119317871236e-05
2025-02-04,0.03918562811590348,0.00046700692433088165
2025-02-05,0.04263656746692429,0.0005353743990679227
2025-02-06,0.531864236668941,0.11573251301803422
2025-02-07,0.5120341704007539,0.10831858235194747
2025-02-10,0.5618549558425141,0.13702088885288133
2025-02-11,0.5554192525041244,0.13553467803032826
2025-02-12,0.533632627509099,0.13327464399889577
2025-02-13,0.532701353197855,0.1333079711124766
2025-02-14,0.5934841202796924,0.17437851197323695
2025-02-18,0.5885937006327542,0.1625769269910441
2025-02-19,0.5866035688772419,0.16157393617563443
2025-02-20,0.594184418849228,0.1657953919804036
2025-02-21,0.5748944288694349,0.1534315136926554
2025-02-24,0.5976264747217837,0.1752743441392446
2025-02-25,0.5837281212943601,0.16913721106929092
2025-02-26,0.5526099983885481,0.15694402034775579
2025-02-27,0.5656159036487138,0.1637462285723298
2025-02-28,0.6506135318175843,0.2086662293982242
2025-03-03,0.5901181828829756,0.17965584297902648
2025-03-04,0.6008285583734688,0.19506604002473604
2025-03-05,0.542046267910919,0.15708803065407906
2025-03-06,0.5898917948255655,0.18884889878951627
2025-03-07,0.5593926249337066,0.17999160370057055
2025-03-10,0.585539050345341,0.18793667717153983
2025-03-11,0.5577243626503103,0.20005981167320275
2025-03-12,0.5350220649177031,0.18556278098436318
2025-03-13,0.5294121603662454,0.17958197704634038
2025-03-14,0.5067957028245702,0.17290097846916241
2025-03-17,0.4976476132236094,0.1783575482417601
2025-03-18,0.5376176270983146,0.20140348852253842
2025-03-19,0.541945705828998,0.20715016099061934
2025-03-20,0.45750681394646886,0.1474256432519251
2025-03-21,0.4595164970434442,0.14859226906406842
2025-03-24,0.4395793496647325,0.13503912409937868
2025-03-25,0.3740702086464264,0.10152847400911669
2025-03-26,0.37968379641006333,0.10165768779222573
2025-03-27,0.39619645028601314,0.11098795117083049
2025-03-28,0.3924695957250027,0.1077112476831723
2025-03-31,0.36089440335226647,0.09602103635948045
2025-04-01,0.3445523931814818,0.08743737987706135
2025-04-02,0.3528948257942025,0.09555365548451
2025-04-03,0.35654303100029433,0.09553108769448848
2025-04-04,0.1823545664962666,0.0341770469803081
2025-04-07,0.39448743382870466,0.16840142790736357
2025-04-08,0.40109528040025155,0.16866059942947398
2025-04-09,0.39111607104252305,0.1664667405019179
2025-04-10,0.43677831365150177,0.3171191792497511
2025-04-11,0.43085040469228997,0.32950319575983755
2025-04-14,0.4492418883560013,0.33220590032539365
2025-04-15,0.4510633969135926,0.33502364149964814
2025-04-16,0.45192635442775486,0.33467941257299794
2025-04-17,0.45444185332969955,0.34432311363300616
2025-04-21,0.466485968820105,0.3721854351444377
2025-04-22,0.4590246347275816,0.37003778360163064
2025-04-23,0.46690912535946816,0.3843317237324888
2025-04-24,0.4491215426566196,0.3487755390921484
2025-04-25,0.46294883573936235,0.3669564962728393
2025-04-28,0.4658713759670523,0.37415916928709403
2025-04-29,0.4626503624228051,0.37455475347260947
2025-04-30,0.46075852284892593,0.37251609372641215
2025-05-01,0.45780431284081635,0.3666309925137413
2025-05-02,0.45340618899911,0.36231419380868757
2025-05-05,0.45355602188151656,0.3644887721973924
2025-05-06,0.4547775213449161,0.36515315457433684
2025-05-07,0.4475631530865508,0.35829634098026086
2025-05-08,0.44790680128074345,0.35791906441434007
2025-05-09,0.45094395841441626,0.3637157718507954
2025-05-12,0.4506384380986549,0.3565322546036236
2025-05-13,0.4455749582270528,0.3600112355547993
2025-05-14,0.4537314313076327,0.34761159182326196
2025-05-15,0.4544196684052558,0.34743967775663187
2025-05-16,0.4545658233926535,0.34774987016309555
2025-05-19,0.4539883421623836,0.3485483255350985
2025-05-20,0.4481831046057179,0.33841658638422634
2025-05-21,0.4473224535161905,0.3348417075443715
2025-05-22,0.45564076447390867,0.3448871764144986
2025-05-23,0.45493239441554845,0.32946430525826176
2025-05-27,0.4381188949166306,0.3222587144565131
2025-05-28,0.44298390955366124,0.33362598736281046
2025-05-29,0.43735918067745205,0.32742096562456124
2025-05-30,0.44660984875752785,0.34455849510435665
2025-06-02,0.44347470769912956,0.34154370329688477
2025-06-03,0.44450954452980856,0.3379989683285739
2025-06-04,0.44353643844568946,0.3406703940825364
2025-06-05,0.4483624216600256,0.33932668106316444
2025-06-06,0.45248684276227724,0.34688214492823244
2025-06-09,0.4549632249973402,0.3529424309441508
2025-06-10,0.4577005596922943,0.3542465439501645
2025-06-11,0.461522831492055,0.353249932740614
2025-06-12,0.45529617843528936,0.3536550135564205
2025-06-13,0.45390149552952364,0.3510061837333801
2025-06-16,0.45074675309224543,0.34708851643162086
2025-06-17,0.4517487837974101,0.348584227883852
2025-06-18,0.46757933670373886,0.32812440901395834
2025-06-20,0.48235856702249896,0.34877374047628706
2025-06-23,0.48259979854618196,0.349166002154645
2025-06-24,0.4781140247304717,0.34567761572079736
2025-06-25,0.4834809529591623,0.3476793385142656
2025-06-26,0.4911298585294752,0.35115504326432245
2025-06-27,0.4969176701846545,0.35854743159785885
2025-06-30,0.4952420927048933,0.3547709254055026
2025-07-01,0.49552459146774797,0.3547331133601328
2025-07-02,0.5812232820740277,0.4347272055351017
2025-07-03,0.5155846163301925,0.3372692808623099
2025-07-07,0.5115208351530564,0.3460482851653587
2025-07-08,0.5086867332874574,0.33684828811228384
2025-07-09,0.5636921081198467,0.22298530692079144
2025-07-10,0.6199054207112833,0.20187654091379204
2025-07-11,0.5633890299387869,0.1743610972234887
2025-07-14,0.5751696321268461,0.1772614715186609
2025-07-15,0.5737906121897498,0.17586547810054376
2025-07-16,0.5962811292516921,0.17056500703490107
2025-07-17,0.600158359922736,0.1757016990984881
2025-07-18,0.6543597927621319,0.17897286993865935
2025-07-21,0.6246634640594194,0.14823936520521563
2025-07-22,0.7244114950133945,0.19913747885982558
2025-07-23,0.6843437635986078,0.16405457007831892
2025-07-24,0.6616623270903398,0.1540979874188223
2025-07-25,0.6666452734939721,0.15639170388724
2025-07-28,0.6737132141471669,0.15936902103166772
2025-07-29,0.6758022490397673,0.1607206978930399
2025-07-30,0.6949441666083747,0.169417993351076
2025-07-31,0.7207835272054937,0.170179244233982
2025-08-01,0.7276316272022298,0.17057373306690649
2025-08-04,0.6628147200826966,0.15212906495287615
2025-08-05,0.6376363287868669,0.14846457492999898
2025-08-06,0.6220025317616917,0.14349894090794768
2025-08-07,0.6298508608609944,0.15214144426846554
2025-08-08,0.7101524452846726,0.1441880519921921
2025-08-11,0.6312975839834051,0.13179155735393322
2025-08-12,0.6451985956160764,0.1365850351671326
2025-08-13,0.6780200132443102,0.15021271491447674
2025-08-14,0.6913020242046404,0.15534357043817737
2025-08-15,0.6950899203666675,0.15709512775397616
2025-08-18,0.6748436142643868,0.13478355959035127
2025-08-19,0.6107067043540529,0.09336891453921359
2025-08-20,0.6235571960366215,0.10587977290398531
2025-08-21,0.6513877929171235,0.113241350153372
2025-08-22,0.7810468337412505,0.13550019181135886
2025-08-25,0.9100385226251189,0.17796579697144488
2025-08-26,0.9551812823317243,0.18982370019958916
2025-08-27,0.9551480972486599,0.18983275947695355
2025-08-28,0.9763710620815091,0.19767890063521576
2025-08-29,0.9645092744015766,0.19353770912040746
2025-09-02,0.978124678114082,0.20141369201181103
2025-09-03,1.0345409499024398,0.22241582100850144
2025-09-04,1.0416994964251878,0.21996300335426144
2025-09-05,1.0416694338674979,0.22375768569446175
2025-09-08,0.9794969581752517,0.19126448654308525
2025-09-09,0.9932415425127832,0.19448928903392548
2025-09-10,0.9906692240114271,0.18965105817197703
2025-09-11,1.0864143208584136,0.21016569457430034
2025-09-12,1.0820408363430332,0.20744669885046407
2025-09-15,0.9014204340070389,0.16779102105371402
2025-09-16,0.9105041590248931,0.1707317036708067
2025-09-17,0.8923290320542236,0.1644218219170679
2025-09-18,0.8949283255438771,0.15934559349552613
2025-09-19,0.8356506770041107,0.13732394582807117
2025-09-22,0.8382590908062838,0.13925986893803577
2025-09-23,0.8222592723457081,0.13309739024445466
2025-09-24,0.8765758237336991,0.15249623416210423
2025-09-25,0.8786314599301076,0.15357498183725815
2025-09-26,0.8718990810234999,0.15436380347222323
2025-09-29,0.8456240950950389,0.1488933210790344
2025-09-30,0.7749566265473621,0.13130909352803255
2025-10-01,0.7098808618956931,0.11149325978680924
2025-10-02,0.7263952977829506,0.11102813817612334
2025-10-03,0.7170634278431867,0.10739168532334298
2025-10-06,0.7214269483869509,0.10903707317752909
2025-10-07,0.6884631412872758,0.10142212287077323
2025-10-08,0.7213965078912133,0.10993971569213645
2025-10-09,0.7545374501752751,0.1197498414251531
2025-10-10,0.7432300662749116,0.11720577172378632
2025-10-13,0.8078523158234016,0.1856299149467877
2025-10-14,0.9290570585755351,0.23651759920114868
2025-10-15,0.9247675728024455,0.2364307803712462
2025-10-16,0.9553130640810568,0.24423581340281275
2025-10-17,0.9933170761007569,0.26348996985459483
2025-10-20,0.951564032241411,0.23643084543400716
2025-10-21,0.9290980104267221,0.23173039508565751
2025-10-22,0.9291708296530246,0.22916208287512774
2025-10-23,0.9460690222884236,0.2351788290624931
2025-10-24,0.9456543373016353,0.23976079039799536
2025-10-27,0.95863580033162,0.2452252849665112
2025-10-28,1.067596490391498,0.2824285985487135
2025-10-29,1.1494901414446936,0.3049458072098459
2025-10-30,1.153982732300224,0.29037944912662095
2025-10-31,1.2092357262032427,0.3218484155540311
2025-11-03,1.2220101886152677,0.32522625963530816
2025-11-04,1.2590124745332651,0.33567000658065804
2025-11-05,1.3046244872862642,0.3655201462122001
2025-11-06,1.3440754562373367,0.320876772623386
2025-11-07,1.379571838537251,0.3425363805320548
2025-11-10,1.3754817864651527,0.3426824530433996
2025-11-11,1.3867888520626788,0.38708057692605724
2025-11-12,1.389063523740122,0.3947879415037868
2025-11-13,1.3784198051318408,0.3866481761504824
2025-11-14,1.5191646923745883,0.44447238810919143
2025-11-17,1.5010551083188979,0.43788691559523163
2025-11-18,1.4578072937894413,0.41788525692017364
2025-11-19,1.4388012783182105,0.42137908930350776
2025-11-20,1.4375098369745682,0.4198551448623371
2025-11-21,1.4836562227398962,0.4535337926733517
2025-11-24,1.431721199813968,0.4354390872367422
2025-11-25,1.395767141950799,0.43212377350758224
2025-11-26,1.3668378152301421,0.42275150454901655
2025-11-28,1.3927235824288298,0.4304738562867192
2025-12-01,1.4035452516369074,0.4322749494908852
2025-12-02,1.4631290601556435,0.461992480861097
2025-12-03,1.4701219856031487,0.46700357497324785
2025-12-04,1.4690158193397784,0.4715769395552568
2025-12-05,1.4648809248833383,0.46262666672460495
2025-12-08,1.4712001918600688,0.45886062183881493
2025-12-09,1.476937246874349,0.4610157350080255
2025-12-10,1.4731573356006369,0.4586527251345177
2025-12-11,1.4650298867521072,0.4578050112158635
2025-12-12,1.4776711107110996,0.46115882511912387
2025-12-15,1.5214879967623152,0.48268691050861734
2025-12-16,1.521049151459842,0.48147006966804096
2025-12-17,1.5211461914705515,0.4802856676981423
2025-12-18,1.5212581680638473,0.4869217650861237
2025-12-19,1.520313815442708,0.48923715559763026
2025-12-22,1.534087527078622,0.4983282528895321
2025-12-23,1.5457347935004928,0.503298119835793
2025-12-24,1.5268802954862561,0.49428513405068475
2025-12-26,1.5256994518731246,0.49358096750996383
2025-12-29,1.5108012134039386,0.4992475615721095
2025-12-30,1.5116578948658907,0.5006170329921016
